Product,Occurrences
MyBlood,1
Open Dental,1
mwl,1
Embarcadero DBArtisan,1
year,1
Basic4android,1
WorldKit,1
NASLite,1
Navicat,1
Falcon,1
Tryton,1
without,1
Mxit,1
rightmargin,1
xml,1
MySQL,1
Past,1
Research Guidance,1
Windows 95,1
xmp,1
ral,1
Windows 98,1
VisualWorks,1
BlackBerry 10,1
version,1
GeForce 6800,1
0,1
ipw,1
Rage 128 GL,1
size,1
Mobility Radeon X1800,1
Haraka,1
Data Execution Prevention,1
Orbada,1
MPW Power Assembler,1
Chinese Military,1
Phoca Gallery,1
Radeon 9550 SE,1
eMule and its Mods,1
GeForce FX Go 5650,1
Powerflasher FDT,1
I,1
Singular noun,1
Radeon X700 Pro,1
talking,1
Remote control via web,1
ZeroBrane Studio,1
Delete table,1
aMule,1
IBM Cognos,1
GeForce2 Go 200,1
listing,1
b,1
d,1
Radeon 9800 XL,1
g,1
Radeon X800,1
k,1
Radeon 9800 XT,1
3D Rage,1
Apache James,1
Delphi,1
p,1
Radeon Xpress X1250,1
r,1
s,1
t,1
u,1
v,1
GeForce 6150 LE,1
Ancestor charts,1
Radeon R9 M290X,1
LZO,1
MDaemon Mail Server,1
controls,1
Safari,1
Ancestor narrative reports,1
Cs,1
MyISAM,1
Internet Explorer,1
GenoPro,1
Visual Studio via Oxygene,1
minister,1
IWIDarwin,1
GeForce Go 7900 GTX,1
Shareaza,1
SQL Database Studio,1
RootsMagic,1
Family Tree Maker (Windows),1
WinSCP,1
authority,1
My Family Tree,1
child,1
Radeon R9 M295X,1
Web feed subscriptions,1
CassandraSE,1
manténgalo,1
Mobility Radeon X800,1
BlueJ,1
Radeon 320,1
Prioritization,1
Nexenta OS,1
Size of association,1
XtraDB,1
KTechLab,1
Use a db,1
Music on Console,1
Radeon Xpress X1200,1
Radeon 330,1
Present,1
Radeon 9500 Pro,1
GeForce FX Go 5200,1
BitLocker Drive Encryption,1
GeForce4 MX4000,1
Radeon R7 M260X,1
Radeon X800 GTO,1
DNSBL,1
SphinxSE,1
Radeon 340,1
GeForce4 MX440 SE,1
Palringo,1
iwi,1
iwk,1
Radeon 9800,1
Radeon R9 M270X,1
Pale Moon Sync,1
CrushFTP Server,1
zyd,1
8 September 2011,1
Mobility Radeon X800 XT,1
Passwords,1
Firefox OS,1
Atmail,1
lo mantienen,1
Windows Live Messenger,1
Mscross,1
Platforms,1
GeForce4 Ti4200,1
Regular expression,1
MacFamilyTree,1
CPIde,1
Navicat Data Modeler,1
KiCad,1
Google Cloud Storage,1
Quite Universal Circuit Simulator,1
GeForce 6150 SE,1
Mobility Radeon X600,1
Flash Professional,1
dynsrc,1
MySQL Workbench,1
isindex,1
Lazarus,1
Mobility Radeon 9800,1
pcan,1
Oracle Enterprise Manager,1
Bayesian filters,1
Past tense infinitive,1
IceWarp Mail Server,1
LifeLines,1
Microsoft Internet Information Services,1
gzip,1
War FTP Daemon,1
Radeon X600 XT,1
Xcode (Apple),1
GeForce Go 7900 GS,1
bgsound,1
Tencent QQ,1
phpMyAdmin,1
BlackBox Component Builder,1
SPF,1
GeForce 6150,1
Create table,1
Microsoft SQL Server Management Studio,1
Imperative,1
DB2 for iSeries,1
Radeon R9 M375,1
Firefox Sync,1
ALAC,1
Cerberus FTP Server,1
FreePCB,1
Apache Derby,1
hspace,1
SQLyog,1
border,1
Mac OS X,1
FileZilla,1
OpenType liga ligatures,1
Family view,1
Mobility Radeon X1600,1
Rage 128 Pro,1
SOCKS,1
Radeon 9800 SE,1
Mobility Radeon X1400,1
Greylisting,1
Mobility Radeon 9600,1
urtw,1
Right to rule,1
Agelong Tree,1
Codenvy,1
Zimbra,1
Windows Security Center,1
Search engine plugins,1
GeForce FX Go 5600,1
FireStream 9250,1
Rage Pro,1
manifest,1
sandbox,1
Virtuoso Universal Server,1
Radeon X300 LE,1
Mercury Mail Transport System,1
reversed,1
Opera Link,1
21 May 2011,1
True Audio (TTA),1
PureBasic,1
Rage 128 Ultra,1
MediaMonkey Lifetime,1
InnoDB,1
GeForce4 Go 420,1
cURL,1
Duplicate Link Checker,1
night,1
MilaX,1
marquee,1
agorum core,1
MediaGoblin,1
Gambas,1
Bookmark,1
Individual view,1
DatabaseSpy,1
Mobility Radeon 9550,1
Cyberduck,1
tnftp,1
GeForce4 Ti4600,1
Family Historian,1
Fan charts,1
eDonkey2000,1
Database Deployment Manager,1
Attribute,1
GeForce 7150M,1
GeForce 6800 Ultra,1
Piwigo,1
alink,1
255,1
Triple quoting,1
Legacy Family Tree,1
Monkey's Audio,1
arn,1
Describe,1
Adjective,1
FireStream 9170,1
SiteBar Server,1
Radeon 9200,1
Plural noun,1
GeForce 6100,1
Indented with whitespace and newlines,1
bordercolor,1
Dolphin Smalltalk,1
MP3 Rocket,1
rtw,1
ICQ,1
CommuniGate Pro,1
GeForce4 Go 410,1
Sr,1
Other,1
GeForce4 Go 460,1
Oregano,1
align,1
Slowpitch softball,1
ath,1
OpenEdge Advanced Business Language (formerly Progress 4GL),1
Subbable,1
school,1
Search,1
GeForce4 Ti4400,1
atu,1
Radeon X300 SE HyperMemory,1
MagicMail,1
Axigen,1
Federated,1
Toad Data Modeler,1
Mobility Radeon X1450,1
Entity owns property,1
Performance Winner,1
Radeon Xpress 1100 (originally Xpress 200),1
Pedigree view,1
Radeon Xpress 1150 (originally Xpress 200 for Intel),1
spacer,1
rwd,1
Parental controls,1
SURBL,1
Orbit Downloader,1
color,1
Delete database,1
rwn,1
Mailtraq,1
blink,1
house,1
Allegro Common Lisp,1
JDBC,1
GeForce4 Go 440,1
Radeon R7 M265,1
Radeon R7 M260,1
Favicon,1
GeForce Go 7700,1
news,1
BlitzDB,1
center,1
Momentum,1
Oracle Communications Messaging Server,1
FreeBASIC,1
target,1
Adaptive Server Enterprise,1
Qpopper,1
Radeon 9600 Pro,1
WakandaDB,1
MSEide,1
Create database,1
List table content,1
GeForce 6600 DDR2,1
Ancestris,1
wbr,1
Broadcatching (RSS),1
BookmarkSync,1
Xe,1
RealAudio Lossless,1
Tarpit,1
Beep Media Player,1
Complete FTP Server,1
Epictetus,1
Descendant narrative reports,1
GeForce Go 7800 GTX,1
GeForce2 Go,1
Sendmail,1
Radeon X800 XL,1
Radeon X800 XT,1
mantenerlo,1
Free Pascal IDE,1
MediaMonkey Gold,1
XCircuit,1
Radeon 9100 Pro,1
EndNote x7,1
FreeBSD,1
Tizen,1
Radeon R9 M275X,1
bordercolordark,1
WavPack Lossless,1
Radeon 8500,1
Windows Defender,1
Hong Kong,1
Napster,1
Cyrus IMAP,1
GeForce 6600 LE,1
Radeon Xpress X200,1
layer,1
Access server,1
gFTP,1
show filtered data in all fields,1
Chronology view,1
Gallery Project,1
Deflate,1
Fastpitch softball,1
Radeon 9600,1
FirstClass,1
GeForce 7000M,1
rootsTrust,1
Delete column,1
GeForce4 MX420,1
LogicalDOC,1
GeForce 6500,1
width,1
Greenfoot,1
VMDS (Version Managed Data Store),1
compact,1
Gordano Messaging Suite,1
Dovecot,1
show all data in all fields,1
Radeon 9000 Pro,1
jGRASP,1
day,1
GeForce3 Ti200,1
IBM TM1,1
Form history,1
Selective downloads,1
island,1
Berkeley DB,1
Zope Object Database,1
bgcolor,1
Swish,1
DNA charts,1
Radeon X850 Pro,1
GeForce4 Ti4800,1
applet,1
P126,1
vlink,1
P125,1
P128,1
qmail,1
P127,1
Radeon R5 M330,1
P122,1
P121,1
Microsoft SQL Server,1
P124,1
P123,1
DKIM,1
basefont,1
P129,1
4KDownload,1
America,1
Toad,1
P131,1
GeForce Go 7300,1
P130,1
P115,1
P114,1
P117,1
P116,1
P113,1
clear,1
Electric,1
P119,1
P118,1
Ubuntu Touch,1
P120,1
CUBRID,1
P148,1
P147,1
P149,1
Encrypted transfer,1
P144,1
P143,1
P146,1
MediaMonkey Standard,1
P145,1
Product,1
parliament,1
Codea,1
P151,1
P150,1
Encrypted storage,1
P153,1
P152,1
P137,1
P136,1
Browsing history,1
seamless,1
P139,1
P138,1
P133,1
P132,1
P135,1
P134,1
cuan,1
SLIME (Emacs),1
Research Manager,1
P140,1
Geany,1
P142,1
Caché,1
P141,1
pcwl,1
P169,1
Radeon X800 SE,1
Nimbuzz,1
P166,1
P165,1
Family Tree Maker for Mac,1
P168,1
Amazon S3,1
P167,1
GeForce256,1
GenealogyJ,1
Icarus Verilog,1
bq,1
Sysax Multi Server,1
P173,1
hotel,1
P172,1
P175,1
Microsoft Exchange Server,1
P174,1
P171,1
P170,1
P159,1
P158,1
P155,1
DBEdit,1
Maintenance issues,1
P154,1
P157,1
BlackBerry OS,1
Rational Application Developer,1
P156,1
plaintext,1
Web seeding,1
Azure SQL,1
Spamtrap,1
Add new column,1
Link Verification,1
Flash Builder,1
Mobility Radeon X1700,1
P162,1
P161,1
P164,1
P163,1
P160,1
font,1
Mobility Radeon X700,1
P188,1
Oracle Database,1
P187,1
P189,1
Deployment,1
Future tense infinitive,1
Malaysia,1
language,1
dir,1
HeidiSQL,1
Google Chrome,1
P195,1
P194,1
P197,1
Verilator,1
P196,1
P191,1
An Bhreatain Bheag,1
P190,1
P193,1
P192,1
image,1
IBM AIX assembler,1
P177,1
GeForce FX Go 5100,1
Radeon 9800 Pro,1
P176,1
P179,1
P178,1
Radeon X700,1
GUI builder,1
GroupWise,1
eMule Plus,1
GeForce 6600 GT,1
wpi,1
Postfix,1
GeForce4 MX440,1
P184,1
Radeon X1050,1
P183,1
P186,1
P185,1
Radeon R9 M280X,1
P180,1
P182,1
frame,1
P181,1
Cache,1
Debugger,1
axiUm,1
for,1
GeForce Go 7600 GT,1
bordercolorlight,1
Add element,1
Freemake Video Downloader,1
Video DownloadHelper,1
Maatkit,1
Oracle,1
Reunion,1
District of Columbia,1
Power Practice Px,1
pgAdmin III,1
OpenIndiana,1
P199,1
P198,1
Mobility Radeon X1900,1
GeForce4 MX460,1
Embedded Antispam,1
User Account Control,1
Use database,1
show all data in some fields,1
PBASIC Stamp Editor,1
MIDletPascal,1
Radeon Xpress 2100,1
Radeon 9250,1
WS FTP Server,1
Developer,1
Mobility Radeon X1300,1
Conditional,1
Sailfish OS,1
Windows Media Audio Lossless,1
Radeon 9700 Pro,1
Mobility Radeon 9700,1
Rage Fury MAXX,1
List table fields,1
Exim,1
Eclipse JDT IBM,1
text,1
Free Studio,1
Power Fantasm,1
GeForce FX Go 5700,1
in,1
TokuDB,1
Membership requirements,1
FlashDevelop,1
FLVTO,1
Aria,1
Server changing,1
Taiwan,1
OS X,1
WinGate,1
Family Tree Builder,1
Germany,1
charset,1
lftp,1
framespacing,1
29 October 2011,1
GeForce3,1
Other platforms,1
NDB,1
Mobility Radeon 7500,1
government,1
ERwin Data Modeler,1
SWIFT (part of OpenStack),1
Mobility Radeon 9600 Pro,1
Flash MP3 Player,1
GeForce4 Go 488,1
Ancestor pedigree reports,1
strike,1
menu,1
Present tense infinitive,1
GeForce4 PCX4300,1
Ahnenblatt,1
GeForce 6800 XT,1
scoped,1
Windows Me,1
report,1
JDeveloper,1
DrJava,1
Mapping,1
office,1
Mobility Radeon X300,1
radio,1
Mobility Radeon 9500,1
download,1
gEDA,1
Rage XL,1
Microsoft Azure,1
Engine,1
FireStream 9350,1
Violations of regulations,1
Advanced Query Tool (AQT),1
GeForce4 MX440 8X,1
OpenType rlig ligatures,1
vspace,1
Radeon 8500 LE,1
background,1
GEDitCOM II,1
Xmarks,1
Mer,1
SQuirreL SQL,1
Radeon X850 XT PE,1
Dictionary,1
Macau,1
Cloudscape,1
Yafc,1
TOra,1
Zarafa,1
NetMail,1
MLDonkey,1
Cleversafe,1
Google Talk,1
Kolab,1
LispWorks,1
Pharo,1
FireStream 9370,1
nobr,1
CSV,1
leftmargin,1
Magic,1
bgproperties,1
Database Workbench,1
Heredis,1
Mozilla Firefox,1
Mobility Radeon X1800 XT,1
Radeon X800 XT PE,1
ohmiGene,1
MyEclipse,1
Windows Firewall,1
TinyWebGallery,1
Greenplum Database,1
WirelessDriver,1
Archive,1
Embedded Antivirus,1
GeForce Go 7950 GTX,1
sizes,1
Ancestral Quest,1
3D Rage II,1
Windows 98 Second Edition,1
Mobility Radeon 7000,1
GeForce Go 7600,1
StormPowerASM,1
height,1
FireStream 9270,1
malo,1
Squeak,1
DaDaBIK,1
FileZ,1
Radeon 9600 XT,1
WiredTiger,1
128,1
London,1
SmartGenealogy,1
GeForce256 DDR,1
Fugu,1
Radeon 9550,1
Patreon,1
Firebird,1
ASA,1
GeForce 6800 GTO,1
EclipseFP Plugin,1
ASE,1
United States Military,1
Dentrix,1
Hollerith notation,1
Radeon X800 Pro,1
Eudora Internet Mail Server,1
star,1
OpenSMTPD,1
SQL Server,1
InfiniDB,1
vasm,1
phpLiteAdmin,1
cold (sickness),1
open,1
ALFTP,1
GeForce 6800 GS,1
GeForce 6800 GT,1
inside,1
Name,1
Gear Player,1
loop,1
Symbian,1
GeForce Go 7800,1
Radeon 9600 SE,1
Radeon R7 M360,1
DbVisualizer,1
RSX(PS3),1
GeForce 6200,1
valign,1
Morfik,1
Odoo,1
Delete element,1
Composting,1
Oracle SQL Developer,1
Xojo,1
BeleniX,1
pyftpdlib,1
Singapore,1
net2ftp,1
Mailsite,1
China,1
GeForce3 Ti500,1
Radeon X300 SE,1
Mobility Radeon 9200,1
Radeon X800 GT,1
Généatique,1
phpPgAdmin,1
Rage 128 VR,1
DMARC,1
Mobility Radeon X1350,1
Descendant charts,1
Radeon X850 XT,1
comment,1
Gael,1
Flash Gallery,1
FederatedX,1
xMule,1
type,1
GeForce4 Go 4200,1
Exporting,1
road,1
SoftDent,1
GeForce Go 7200,1
JCreator,1
ModelRight,1
Radeon R9 M370X,1
Radeon 9700,1
Aqualung,1
Kerio Connect,1
Devgems Data Modeler,1
NcFTP,1
PracticeWorks,1
Opera,1
PocketStudio,1
P203,1
P202,1
Adverb,1
P205,1
Legend,1
P204,1
P201,1
P200,1
FLAC,1
CONNECT,1
Empathy,1
P207,1
P206,1
GTdriver,1
P209,1
P208,1
GRAMPS,1
KyBook,1
ClipGrab,1
Macfusion,1
Adminer,1
Mobility Radeon 9000,1
Radeon R5 M255,1
event,1
GeoMedia SDI Portal,1
Courier Mail Server,1
LZJB,1
Plogger,1
FileZilla Server,1
XGPU(Xbox),1
Model,1
P225,1
P224,1
nowrap,1
P227,1
Radeon R9 M265X,1
mroonga,1
P226,1
P221,1
Radeon R5 M230,1
P220,1
Xfire,1
P223,1
P222,1
Genbox Family History,1
P229,1
P228,1
webbased UI,1
Heredis Mac,1
GeForce Go 7400,1
P230,1
GeForce2 Go 100,1
Radeon 9500,1
P214,1
noembed,1
P213,1
P216,1
P215,1
P210,1
P212,1
P211,1
Radeon X600 Pro,1
P218,1
P217,1
P219,1
sequence,1
Heredis PC,1
Jalbum,1
GeForce 6600,1
Radeon X300,1
Change column,1
FireFTP,1
Personal Ancestral File,1
ural,1
The Master Genealogist,1
ilayer,1
ZWNJ and ZWJ (Unicode characters used for ligature control),1
Servoy,1
link,1
ZendTo,1
Ipswitch IMail Server,1
Radeon 9200 SE,1
Decoda,1
noshade,1
Aldfaer,1
Radeon X550,1
DrRacket,1
P235,1
JBuilder,1
P232,1
Radeon 9800 XXL,1
P231,1
P234,1
P233,1
Brother's Keeper,1
async,1
zlib,1
PocketBook reader,1
End August 2011,1
GeForce 6800 LE,1
Coppermine,1
Future,1
Cubes (OLAP server),1
SchilliX,1
Solaris kernel,2
uBooks,2
North Dakota,2
Nevada,2
Michigan,2
Vermont,2
West Virginia,2
Colorado,2
List databases,2
New York,2
Minnesota,2
North Carolina,2
MonoDevelop,2
Banshee,2
License,2
Montana,2
eBookMobi,2
Kentucky,2
Virginia,2
other,2
South Carolina,2
Cubes,2
Android,2
Windows,2
Windows Phone,2
Indiana,2
Stanza,2
Washington,2
Wisconsin,2
New Mexico,2
iBouquiniste,2
Pennsylvania,2
Texas,2
Apabi Reader,2
Alaska,2
Notes,2
Rdio,2
Radeon 9000,2
South Dakota,2
start,2
Marvin,2
Embedded OpenType (EOT),2
Utah,2
List tables,2
Blio,2
Connecticut,2
DragonFly BSD kernel,2
P98,2
P99,2
P104,2
P103,2
P106,2
P105,2
P100,2
P102,2
P101,2
P108,2
P107,2
P109,2
SharpDevelop,2
P111,2
P110,2
P112,2
New Hampshire,2
DL Reader,2
iOS,2
Songbird,2
FreeBSD kernel,2
XNU,2
Mississippi,2
Eclipse JDT,2
Maryland,2
Puerto Rico,2
Oklahoma,2
Bluefire Reader,2
Wyoming,2
Linux,2
KDevelop,2
iBooks,2
Ohio,2
Informix,2
ShuBook,2
Linux kernel,2
Ebook Reader,2
Scalable Vector Graphics (SVG),2
Florida,2
Delaware,2
Maine,2
Tennessee,2
OpenType (OTF),2
Kindle,2
Windows NT kernel,2
PostgreSQL,2
Windows Phone 8,2
Web Open Font Format (WOFF),2
Illinois,2
Georgia,2
Idaho,2
Missouri,2
MegaReader,2
Hawaii,2
Microsoft Visual Studio,2
Radeon 9100,2
Kansas,2
Iowa,2
Kobo Reading App,2
Nebraska,2
New Jersey,2
i2Reader,2
Media Jukebox,2
Arizona,2
Massachusetts,2
Guayadeque Music Player,2
DB2,2
Louisiana,2
TrueType (TTF),2
Oregon,2
Rhode Island,2
Ecoute,2
Cognos TM1,2
SAP NetWeaver BW,3
NetBeans,3
MicroStrategy Intelligence Server,3
icCube,3
Alabama,3
SAS OLAP Server,3
Mondrian OLAP server,3
Essbase,3
aTunes,3
Jedox OLAP Server,3
Spotify,3
P97,3
California,3
Arkansas,3
Infor BI OLAP Server,3
Oracle Database OLAP Option,3
Tasman,3
Microsoft Analysis Services,3
Winamp,3
Style Jukebox,3
Quod Libet,4
Musicmatch Jukebox,4
MediaMonkey,4
Zinf,4
Clementine,4
Exaile,4
iCab,4
P56,4
P58,4
P57,4
P59,4
P61,4
P60,4
P63,4
P62,4
P65,4
P64,4
P67,4
P66,4
P69,4
P68,4
P70,4
P72,4
P71,4
P74,4
P73,4
P76,4
P75,4
P78,4
P77,4
P79,4
IntelliJ IDEA,4
P81,4
P80,4
P83,4
P82,4
P85,4
P84,4
P87,4
P86,4
P89,4
P88,4
Gecko,4
P90,4
P92,4
P91,4
P94,4
P93,4
P96,4
P95,4
EndNote,4
Audio player,4
MPXPLAY,4
WebKit,4
XMPlay,4
Music Player Daemon,4
Qiqqa,4
Presto,4
KHTML,4
SciRef,4
Audion,4
Description,4
Wikindx,5
cmus,5
Mendeley,5
Amarok,5
BibSonomy,5
Cog,5
JabRef,5
Docear,5
Pybliographer,5
MusicBee,5
foobar2000,5
WizFolio,5
Papers,5
P25,5
P27,5
P26,5
P29,5
P28,5
Zotero,5
P30,5
P32,5
P31,5
P34,5
P33,5
P36,5
P35,5
P38,5
P37,5
P39,5
P41,5
RefWorks,5
P40,5
P43,5
P42,5
P45,5
P44,5
P47,5
P46,5
P49,5
P48,5
P50,5
P52,5
P51,5
P54,5
P53,5
P55,5
ReadCube,5
Citavi,5
KBibTeX,5
Bibus,5
XMMS,5
JuK,5
Sonique,5
RefDB,5
CiteULike,5
Biblioscape,5
refbase,5
Bebop,5
colwiz,5
Paperpile,5
Rhapsody,5
BibDesk,5
BibBase,5
Reference Manager,5
Aigaion,5
Bookends,5
Rhythmbox,5
Sente,5
Audacious,5
musikCube,5
AIMP,5
Referencer,5
P23,6
P22,6
P24,6
P21,7
P20,8
P16,9
P18,9
P17,9
P19,9
P12,10
P11,10
P14,10
P13,10
P15,10
P8,11
P9,11
P10,11
P4,12
P5,12
P6,12
P7,12
P1,13
P2,13
P3,13