Matrice;prodConformRatio
Comparison_(grammar)   Comparison in English;100
Comparison_between_Argentine_provinces_and_countries_by_GDP_(PPP)_per_capita;96
Comparison_between_Esperanto_and_Ido   Morphology;100
Comparison_between_Esperanto_and_Ido   Vocabulary;62
Comparison_between_Esperanto_and_Ido   Correlatives;0
Comparison_between_Esperanto_and_Ido    Pronouns ;100
Comparison_between_Esperanto_and_Ido   Samples;0
Comparison_between_Esperanto_and_Interlingua    Grammar and word formation ;75
Comparison_between_Esperanto_and_Interlingua    Sample text  the  ;100
Comparison_between_Esperanto_and_Novial   Alphabet and pronunciation;3
Comparison_between_Esperanto_and_Novial   Personal pronouns;100
Comparison_between_Esperanto_and_Novial   Active voice;100
Comparison_between_Esperanto_and_Novial   Passive voice of becoming;100
Comparison_between_Esperanto_and_Novial   Passive voice of being;100
Comparison_between_Esperanto_and_Novial   Language sample for comparison;0
Comparison_between_Ido_and_Interlingua    Orthography ;0
Comparison_between_Ido_and_Interlingua   Sample text;100
Comparison_between_Ido_and_Novial   Alphabets and pronunciation;100
Comparison_between_Ido_and_Novial   Personal pronouns;75
Comparison_between_Ido_and_Novial   Language sample for comparison;0
Comparison_between_U S _states_and_countries_by_GDP_(nominal)   State and country data;98
Comparison_between_U S _states_and_countries_by_GDP_(nominal)   State and country data;94
Comparison_between_U S _states_and_countries_by_GDP_(nominal)_per_capita   2009;100
Comparison_between_U S _states_and_countries_by_GDP_(PPP);98
Comparison_between_U S _states_and_countries_by_GDP_(PPP)   2013 Full List ;96
Comparison_of_3D_computer_graphics_software    General information ;85
Comparison_of_3D_computer_graphics_software   Operating system support;88
Comparison_of_3D_computer_graphics_software   Features;95
Comparison_of_401(k)_and_IRA_accounts   Comparison;100
Comparison_of_802 15 4_radio_modules    Transceiver only modules ;100
Comparison_of_802 15 4_radio_modules    Integrated MCU and transceiver modules ;47
Comparison_of_accounting_software    Free and open source software ;94
Comparison_of_accounting_software    Proprietary software ;94
Comparison_of_accounting_software    Further details ;94
Comparison_of_ADC_software    General ;84
Comparison_of_ADC_software    Operating system support ;84
Comparison_of_ADC_software    Interface and programming ;90
Comparison_of_ADC_software    Features ;88
Comparison_of_ADC_software    Interface and programming ;85
Comparison_of_ADC_software    Features ;83
Comparison_of_ADC_software    General ;28
Comparison_of_ADC_software    Operating system support ;23
Comparison_of_ADC_software    Interface and programming ;23
Comparison_of_ADC_software    Features ;23
Comparison_of_ADC_software    General ;90
Comparison_of_ADC_software    Operating system support ;90
Comparison_of_Adobe_Flex_charts   Flex Chart products;100
Comparison_of_Adobe_Flex_charts   Flex Chart features;88
Comparison_of_ADO_and_ADO NET;50
Comparison_of_ad_servers    General information ;95
Comparison_of_ad_servers    General features ;95
Comparison_of_ad_servers    Targeting ;9
Comparison_of_Afrikaans_and_Dutch   Comparisons of various words and phrases in Dutch and Afrikaans;100
Comparison_of_Afrikaans_and_Dutch   Comparison of sample text;100
Comparison_of_agent based_modeling_software    Comparison of ABM Software ;82
Comparison_of_alcopops    Beer based ;100
Comparison_of_alcopops    Bourbon whiskey based ;90
Comparison_of_alcopops    Rum based ;90
Comparison_of_alcopops    Scotch whisky based ;90
Comparison_of_alcopops    Vodka based ;100
Comparison_of_alcopops    Other ;91
Comparison_of_ALGOL_68_and_C     Comparison of the assignment and equality operators;83
Comparison_of_AMD_chipsets    AMD xxx ;0
Comparison_of_AMD_chipsets    A Link Express II ;86
Comparison_of_AMD_chipsets    A Link Express III ;100
Comparison_of_AMD_chipsets    AMD xxx ;36
Comparison_of_AMD_chipsets    A Link Express ;100
Comparison_of_AMD_chipsets      anchor FCH   Fusion controller hubs (FCH) ;100
Comparison_of_AMD_processors;100
Comparison_of_American_and_British_English   School;100
Comparison_of_American_and_British_English   Road transport;100
Comparison_of_American_and_British_English   Equivalent idioms;93
Comparison_of_anaerobic_and_aerobic_digestion;100
Comparison_of_Android_e book_reader_software    File formats supported ;94
Comparison_of_Android_e book_reader_software    Navigation features ;93
Comparison_of_Android_e book_reader_software    Display features ;80
Comparison_of_Android_e book_reader_software    Edit tool features ;100
Comparison_of_Android_e book_reader_software    Book source management features ;100
Comparison_of_antivirus_software     ;84
Comparison_of_antivirus_software     ;81
Comparison_of_antivirus_software     ;81
Comparison_of_antivirus_software     ;100
Comparison_of_antivirus_software     ;100
Comparison_of_antivirus_software   ;94
Comparison_of_antivirus_software   ;81
Comparison_of_antivirus_software   ;75
Comparison_of_antivirus_software   ;80
Comparison_of_antivirus_software   ;81
Comparison_of_application_servers    Java ;100
Comparison_of_application_virtualization_software   Comparison of virtual machines;90
Comparison_of_application_virtualization_software   List of application virtual machine implementations;89
Comparison_of_archive_formats   Comparison;100
Comparison_of_Asian_national_space_programs   Timeline of national firsts;0
Comparison_of_Asian_national_space_programs   Timeline of national firsts;73
Comparison_of_Asian_national_space_programs    Other achievements ;100
Comparison_of_Asian_national_space_programs    Comparison of key technologies ;100
Comparison_of_Asian_national_space_programs    Orbital Launch Frequency ;100
Comparison_of_assemblers   6502 assemblers;95
Comparison_of_assemblers   680x0 assemblers;88
Comparison_of_assemblers   ARM assemblers;83
Comparison_of_assemblers   IBM mainframe assemblers;87
Comparison_of_assemblers   Power Architecture assemblers;100
Comparison_of_assemblers   x86 assemblers;88
Comparison_of_assemblers   Other architectures;100
Comparison_of_ATI_chipsets   Comparison of Northbridges;100
Comparison_of_ATI_chipsets   Comparison of Southbridges;50
Comparison_of_ATI_chipsets   Comparison of Northbridges;85
Comparison_of_ATI_chipsets   Comparison of Southbridges;44
Comparison_of_audio_formats    General information ;62
Comparison_of_audio_formats    Operating system support ;93
Comparison_of_audio_formats    Multimedia frameworks support ;91
Comparison_of_audio_formats    Technical details ;67
Comparison_of_audio_formats    Technical details ;100
Comparison_of_audio_formats    Technical details ;0
Comparison_of_audio_player_software   General;100
Comparison_of_audio_player_software   Operating system compatibility;100
Comparison_of_audio_player_software   Optical media ability;100
Comparison_of_audio_player_software   Features;100
Comparison_of_audio_player_software   Extended features;90
Comparison_of_audio_player_software   Audio format ability;100
Comparison_of_audio_player_software   Container format ability;100
Comparison_of_audio_player_software   Scalable  composite and emulation format abilities;80
Comparison_of_audio_player_software   Protocol abilities;100
Comparison_of_audio_player_software   Playlist format ability;80
Comparison_of_audio_player_software   Metadata ability;100
Comparison_of_audio_synthesis_environments   General;85
Comparison_of_audio_synthesis_environments   Programming language features;75
Comparison_of_audio_synthesis_environments   Data interface methods;100
Comparison_of_audio_synthesis_environments   Technical;85
Comparison_of_Axis_ _Allies_games    Units ;100
Comparison_of_baseball_and_softball   Table of comparison;100
Comparison_of_behavioral_experiment_software;90
Comparison_of_birth_control_methods   Effectiveness;82
Comparison_of_BitTorrent_clients    General ;97
Comparison_of_BitTorrent_clients    Operating system support ;97
Comparison_of_BitTorrent_clients    Interface and programming ;94
Comparison_of_BitTorrent_clients    Features I ;93
Comparison_of_BitTorrent_clients    Features II ;93
Comparison_of_BitTorrent_clients    Vulnerabilities ;0
Comparison_of_BitTorrent_clients    Libraries ;33
Comparison_of_BitTorrent_clients    Libraries ;80
Comparison_of_BitTorrent_clients    Libraries ;84
Comparison_of_BitTorrent_clients    Libraries ;100
Comparison_of_BitTorrent_sites   Site comparison;71
Comparison_of_BitTorrent_tracker_software;87
Comparison_of_boot_loaders   Features;100
Comparison_of_boot_loaders    Technical information ;90
Comparison_of_brainwave_entrainment_software   General;84
Comparison_of_brainwave_entrainment_software   Stimuli Methods;84
Comparison_of_brainwave_entrainment_software   Features;84
Comparison_of_browser_synchronizers   General;100
Comparison_of_browser_synchronizers   Operating system support;100
Comparison_of_browser_synchronizers   Syncable Browsers;100
Comparison_of_browser_synchronizers   Syncable Items;100
Comparison_of_browser_synchronizers   Features;100
Comparison_of_BSD_operating_systems   General information;47
Comparison_of_BSD_operating_systems   Technical information;80
Comparison_of_BSD_operating_systems   Security features;87
Comparison_of_business_integration_software   General information;94
Comparison_of_business_integration_software   Operating system support;96
Comparison_of_business_integration_software   Database support;100
Comparison_of_Business_Process_Modeling_Notation_tools    General ;88
Comparison_of_CAD _CAM_and_CAE_file_viewers    Comparison of CAD CAM CAE file viewers ;100
Comparison_of_CalDAV_and_CardDAV_implementations   Client implementations;80
Comparison_of_CalDAV_and_CardDAV_implementations   Server implementations;31
Comparison_of_California_ski_resorts;96
Comparison_of_Canadian tax_preparation_software_for_personal_use;90
Comparison_of_Canon_EOS_digital_cameras   General information;65
Comparison_of_Chernobyl_and_other_radioactivity_releases   Chernobyl compared with an atomic bomb;100
Comparison_of_Chernobyl_and_other_radioactivity_releases   Chernobyl compared with an atomic bomb;0
Comparison_of_chess_video_games   General information;86
Comparison_of_chess_video_games   Gameplay;86
Comparison_of_Chinese_romanization_systems;0
Comparison_of_cluster_software    General information ;100
Comparison_of_cluster_software    Technical information ;100
Comparison_of_code_generation_tools;84
Comparison_of_code_generation_tools    Technical ;86
Comparison_of_cognitive_architectures;88
Comparison_of_Colorado_ski_resorts;100
Comparison_of_color_models_in_computer_graphics   RGB;100
Comparison_of_color_models_in_computer_graphics   RGB;0
Comparison_of_color_models_in_computer_graphics   RGB;0
Comparison_of_color_models_in_computer_graphics   RGB;20
Comparison_of_color_models_in_computer_graphics   HSL;25
Comparison_of_command_shells   General characteristics;79
Comparison_of_command_shells   Interactive features;79
Comparison_of_command_shells   Programming features;91
Comparison_of_command_shells   String processing and filename matching;78
Comparison_of_command_shells   Inter process communication;78
Comparison_of_command_shells   Security features;78
Comparison_of_consumer_brain computer_interfaces   Comparison;100
Comparison_of_container_formats   Information;54
Comparison_of_container_formats   Audio formats supported;75
Comparison_of_container_formats   Video formats supported;100
Comparison_of_container_formats   Caption (Subtitle) formats supported;90
Comparison_of_continuous_integration_software    Comparison ;85
Comparison_of_continuous_integration_software    SCM system support ;84
Comparison_of_cricket_and_baseball   Comparison Table;100
Comparison_of_CRM_systems    General ;89
Comparison_of_CRM_systems    Features ;89
Comparison_of_crowd_funding_services    Money for goods ;75
Comparison_of_crowd_funding_services    Donation based ;66
Comparison_of_crowd_funding_services    Money for business ventures ;95
Comparison_of_crowd_funding_services    Continuous funding ;100
Comparison_of_crowd_funding_services    Post creation services ;50
Comparison_of_CRT _LCD _Plasma _and_OLED;90
Comparison_of_cryptographic_hash_functions    General information ;53
Comparison_of_cryptographic_hash_functions    Parameters ;36
Comparison_of_cryptographic_hash_functions    Compression function ;12
Comparison_of_C_Sharp_and_Java    Types ;90
Comparison_of_C_Sharp_and_Java    Enumerations ;100
Comparison_of_C_Sharp_and_Java    Fields and initialization ;90
Comparison_of_C_Sharp_and_Java    Methods ;87
Comparison_of_C_Sharp_and_Java    Constant immutable parameters ;0
Comparison_of_C_Sharp_and_Java    Reference (in out) parameters ;0
Comparison_of_C_Sharp_and_Java    Exceptions ;50
Comparison_of_C_Sharp_and_Java    Generics ;80
Comparison_of_C_Sharp_and_Java    Type erasure versus reified generics ;0
Comparison_of_C_Sharp_and_Java    Functional programming ;100
Comparison_of_C_Sharp_and_Java   Metadata;50
Comparison_of_C_Sharp_and_Java    Preprocessing  compilation and packaging ;50
Comparison_of_C_Sharp_and_Java    Reference types ;50
Comparison_of_C_Sharp_and_Java    Threading and asynchronous features ;66
Comparison_of_C_Sharp_and_Java    Native interoperability ;50
Comparison_of_C_Sharp_and_Java    Platform support ;100
Comparison_of_C_Sharp_and_Java    Input output ;0
Comparison_of_C_Sharp_and_Java    Integration of library defined types ;0
Comparison_of_C_Sharp_and_Java    C  delegates and equivalent Java constructs ;0
Comparison_of_C_Sharp_and_Java    Type lifting ;0
Comparison_of_C_Sharp_and_Java   Interoperability with dynamic languages;0
Comparison_of_C_Sharp_and_Java    Fibonacci sequence ;0
Comparison_of_C_Sharp_and_Java    Arrays and collections ;46
Comparison_of_C_Sharp_and_Java    Arrays and collections ;0
Comparison_of_C_Sharp_and_Java    Arrays and collections ;0
Comparison_of_C_Sharp_and_Java    Expressions and operators ;91
Comparison_of_C_Sharp_and_Java   Statements;87
Comparison_of_C_Sharp_and_Java    Keywords and backward compatibility ;70
Comparison_of_C_Sharp_and_Java    Object orientation programming ;77
Comparison_of_C_Sharp_and_Visual_Basic_ NET   Comments;0
Comparison_of_C_Sharp_and_Visual_Basic_ NET   Conditionals;0
Comparison_of_C_Sharp_and_Visual_Basic_ NET   Loops;0
Comparison_of_C_Sharp_and_Visual_Basic_ NET   Primitive types;0
Comparison_of_C_Sharp_and_Visual_Basic_ NET   Object types;0
Comparison_of_dance_video_games   General information;84
Comparison_of_database_access    Database and table management ;100
Comparison_of_database_access    Using data in a table ;100
Comparison_of_database_access    Altering tables ;100
Comparison_of_database_access    MySQL databases ;100
Comparison_of_database_access    Reading from tables ;100
Comparison_of_database_access    Using a table ;100
Comparison_of_database_tools   General;100
Comparison_of_database_tools   Features;100
Comparison_of_database_tools   Features (continued);100
Comparison_of_database_tools   Features   visual design and reverse engineering;100
Comparison_of_data_modeling_tools    General ;93
Comparison_of_data_modeling_tools    Features ;91
Comparison_of_data_serialization_formats   Overview;75
Comparison_of_data_serialization_formats   Syntax comparison of human readable formats;75
Comparison_of_data_serialization_formats   Comparison of binary formats;71
Comparison_of_debuggers;90
Comparison_of_defragmentation_software;94
Comparison_of_dental_practice_management_software;100
Comparison_of_desktop_application_launchers    Windows ;91
Comparison_of_desktop_application_launchers    Linux ;93
Comparison_of_desktop_application_launchers    Mac OS X ;100
Comparison_of_desktop_application_launchers    Cross platform ;100
Comparison_of_desktop_publishing_software   Overview;90
Comparison_of_desktop_publishing_software   Operating system;89
Comparison_of_desktop_publishing_software   Input format;93
Comparison_of_desktop_publishing_software   Output format;93
Comparison_of_development_estimation_software;91
Comparison_of_Dewey_and_Library_of_Congress_subject_classification   Chart;100
Comparison_of_DEX_software;100
Comparison_of_digital_audio_editors   General;94
Comparison_of_digital_audio_editors   Plugin support;100
Comparison_of_digital_audio_editors   File format support;100
Comparison_of_digital_SLRs;60
Comparison_of_disc_authoring_software   General information;83
Comparison_of_disc_authoring_software    Operating system support ;83
Comparison_of_disc_authoring_software    Optical media support ;0
Comparison_of_disc_authoring_software    Filesystem support ;100
Comparison_of_disc_authoring_software    Disk image format support ;66
Comparison_of_disc_authoring_software    Standards support ;33
Comparison_of_disc_authoring_software    User interface ;83
Comparison_of_disc_image_software;93
Comparison_of_disk_cloning_software   Table;94
Comparison_of_disk_encryption_software   Background information;85
Comparison_of_disk_encryption_software   Operating systems;84
Comparison_of_disk_encryption_software   Features;84
Comparison_of_disk_encryption_software   Layering;84
Comparison_of_disk_encryption_software   Modes of operation;40
Comparison_of_display_technology    General characteristics ;64
Comparison_of_distributed_file_systems   Locally managed;91
Comparison_of_distributed_file_systems   Remote access;100
Comparison_of_DNS_blacklists;100
Comparison_of_DNS_server_software    Feature matrix ;95
Comparison_of_DNS_server_software    Platforms ;95
Comparison_of_DNS_server_software    Packaging ;94
Comparison_of_documentation_generators    General information ;90
Comparison_of_documentation_generators    Operating system support ;92
Comparison_of_documentation_generators    Language support ;90
Comparison_of_documentation_generators    Language support ;91
Comparison_of_documentation_generators    Language support ;90
Comparison_of_documentation_generators    Input formats ;91
Comparison_of_documentation_generators    Output formats ;91
Comparison_of_documentation_generators    Other features ;25
Comparison_of_document_interfaces;42
Comparison_of_document_markup_languages   General information;93
Comparison_of_document_markup_languages   Characteristics;92
Comparison_of_domestic_robots;62
Comparison_of_dosimeters;30
Comparison_of_DOS_operating_systems    Historical and licensing information ;0
Comparison_of_DOS_operating_systems    Technical specifications ;0
Comparison_of_download_managers    General information ;92
Comparison_of_download_managers    Protocol support ;100
Comparison_of_download_managers    Features ;75
Comparison_of_e book_formats   Broadband eBooks (BBeB) ;0
Comparison_of_e book_formats   Comic Book Archive file ;0
Comparison_of_e book_formats   Founder Electronics ;0
Comparison_of_e book_formats   Hypertext Markup Language ;0
Comparison_of_e book_formats   iBook (Apple) ;0
Comparison_of_e book_formats   IEC 62448;0
Comparison_of_e book_formats   KF8 (Amazon Kindle) ;0
Comparison_of_e book_formats   Microsoft LIT ;0
Comparison_of_e book_formats   Mobipocket ;0
Comparison_of_e book_formats   Multimedia eBooks ;0
Comparison_of_e book_formats   Newton eBook ;0
Comparison_of_e book_formats   Open Electronic Package;0
Comparison_of_e book_formats   Compiled HTML ;0
Comparison_of_e book_formats   Portable Document Format ;0
Comparison_of_e book_formats   Plain text files ;0
Comparison_of_e book_formats   Plucker ;0
Comparison_of_e book_formats   PostScript ;0
Comparison_of_e book_formats   RTF;0
Comparison_of_e book_formats   SSReader ;0
Comparison_of_e book_formats   Text Encoding Initiative ;0
Comparison_of_e book_formats   TomeRaider ;0
Comparison_of_e book_formats   Open XML Paper Specification ;0
Comparison_of_e book_formats    Features ;100
Comparison_of_e book_formats   DAISY   ANSI NISO Z39 86  ;0
Comparison_of_e book_formats    Supporting platforms ;60
Comparison_of_e book_formats   DjVu ;0
Comparison_of_e book_formats   DOC;0
Comparison_of_e book_formats   DOCX;0
Comparison_of_e book_formats    EPUB ;0
Comparison_of_e book_formats   eReader ;0
Comparison_of_e book_formats   FictionBook (Fb2) ;0
Comparison_of_e book_readers    Electronic paper displays ;86
Comparison_of_e book_readers   Discontinued Models;62
Comparison_of_e book_readers    Non electronic paper displays ;92
Comparison_of_e book_readers    File format support ;74
Comparison_of_early_word_processors   Operating system compatibility;81
Comparison_of_early_World_War_II_tanks;0
Comparison_of_EDA_software   Free and Open Source Software (FOSS);100
Comparison_of_EDA_software   Comparison of EDA packages;61
Comparison_of_eDonkey_software    General ;100
Comparison_of_eDonkey_software    Features ;95
Comparison_of_eDonkey_software   Features (continued);95
Comparison_of_eDonkey_software    Versions ;96
Comparison_of_educational_websites_for_children;100
Comparison_of_email_clients   General;50
Comparison_of_email_clients   Release history;25
Comparison_of_email_clients   Templates  scripts and programming languages;100
Comparison_of_email_clients   Operating system support;86
Comparison_of_email_clients   Communication and access protocol support;63
Comparison_of_email_clients   Communication and access protocol support;60
Comparison_of_email_clients   Authentication support;41
Comparison_of_email_clients   SSL and TLS support;100
Comparison_of_email_clients   General features;0
Comparison_of_email_clients   Messages features;100
Comparison_of_email_clients   Database  folders and customization;0
Comparison_of_embedded_computer_systems_on_board_the_Mars_rovers   Performance comparisons;0
Comparison_of_encrypted_external_drives   Background information;86
Comparison_of_encrypted_external_drives   Operating systems;100
Comparison_of_encrypted_external_drives   Features;85
Comparison_of_English_dictionaries   Full size;100
Comparison_of_English_dictionaries   Collegiate;75
Comparison_of_English_dictionaries   Learner's;83
Comparison_of_enterprise_bookmarking_platforms    General ;83
Comparison_of_enterprise_bookmarking_platforms    Date and content types ;83
Comparison_of_enterprise_bookmarking_platforms    Content enrichment capabilities ;83
Comparison_of_enterprise_bookmarking_platforms    Tag management capabilities ;80
Comparison_of_enterprise_bookmarking_platforms    Platform and security capabilities ;83
Comparison_of_enterprise_bookmarking_platforms    Server operating system support ;83
Comparison_of_European_road_signs   Priority;87
Comparison_of_European_road_signs   Warning;87
Comparison_of_European_road_signs   Prohibitory;87
Comparison_of_European_road_signs   Mandatory;87
Comparison_of_European_road_signs   Special regulations;0
Comparison_of_European_road_signs   Indication;87
Comparison_of_European_road_signs   Border Crossings;87
Comparison_of_European_road_signs   Checkpoints;87
Comparison_of_European_traffic_laws    General ;100
Comparison_of_Exchange_ActiveSync_clients;0
Comparison_of_executable_file_formats;72
Comparison_of_facial_image_datasets;66
Comparison_of_feed_aggregators   Release history;100
Comparison_of_feed_aggregators   Release history;95
Comparison_of_feed_aggregators   Operating system support;94
Comparison_of_feed_aggregators   Web feed and protocol support;70
Comparison_of_feed_aggregators   Interface and notes;94
Comparison_of_feed_aggregators   Capabilities;94
Comparison_of_file_archivers    General information ;90
Comparison_of_file_archivers    Operating system support ;87
Comparison_of_file_archivers    Archiver features ;87
Comparison_of_file_archivers    Reading ;87
Comparison_of_file_archivers    Writing ;86
Comparison_of_file_comparison_tools   General;90
Comparison_of_file_comparison_tools   Compare features;93
Comparison_of_file_comparison_tools   API   editor features;93
Comparison_of_file_comparison_tools   Other features;93
Comparison_of_file_comparison_tools   Aspects;100
Comparison_of_file_hosting_services    File hosting services  ;100
Comparison_of_file_hosting_services    Former services ;0
Comparison_of_file_managers   General information;85
Comparison_of_file_managers   Cross platform file managers;95
Comparison_of_file_managers   Manager views;93
Comparison_of_file_managers   Network protocols;66
Comparison_of_file_managers   File features;100
Comparison_of_file_managers   Browsing features;93
Comparison_of_file_managers   Search features;87
Comparison_of_file_managers   Extensibility;100
Comparison_of_file_sharing_applications    Table ;90
Comparison_of_file_sharing_applications    File sharing web applications ;100
Comparison_of_file_synchronization_software    Open source ;100
Comparison_of_file_synchronization_software    Freeware ;100
Comparison_of_file_synchronization_software    Commercial ;89
Comparison_of_file_systems   General information;84
Comparison_of_file_systems   Limits;89
Comparison_of_file_systems   Metadata;89
Comparison_of_file_systems   Features;90
Comparison_of_file_systems   Allocation and layout policies;93
Comparison_of_file_systems   Supporting operating systems;91
Comparison_of_file_verification_software   General;89
Comparison_of_file_verification_software    Program hash function support ;40
Comparison_of_file_verification_software    Program features ;87
Comparison_of_firewalls   Firewall software;52
Comparison_of_firewalls   Firewall appliances;94
Comparison_of_firewalls   Firewall rule set basic filtering features comparison;91
Comparison_of_firewalls   Firewall rule set advanced features comparison;100
Comparison_of_firewalls   Firewall rule set advanced features comparison;100
Comparison_of_firewalls   Firewall's other features comparison;100
Comparison_of_firewalls   Non Firewall extra features comparison;100
Comparison_of_free_and_open source_software_licenses   General comparison;90
Comparison_of_free_and_open source_software_licenses   Approvals;68
Comparison_of_free_credit_report_websites;66
Comparison_of_free_software_e commerce_web_application_frameworks   Free software distribution and dependencies;93
Comparison_of_free_software_e commerce_web_application_frameworks   Additional information;100
Comparison_of_free_web_hosting_services;81
Comparison_of_FTP_client_software   Free and Open Source;100
Comparison_of_FTP_client_software   Proprietary Freeware;92
Comparison_of_FTP_client_software   Freeware and commercial editions;88
Comparison_of_FTP_client_software   Trials of commercial;91
Comparison_of_FTP_client_software   Commercial;94
Comparison_of_FTP_client_software   Operating system support;91
Comparison_of_FTP_client_software   Protocol support;90
Comparison_of_Fukushima_and_Chernobyl_nuclear_accidents;100
Comparison_of_Fukushima_and_Chernobyl_nuclear_accidents   Radioactive contamination;100
Comparison_of_Fukushima_and_Chernobyl_nuclear_accidents   Radioactive contamination;77
Comparison_of_Fukushima_and_Chernobyl_nuclear_accidents   Radioactive contamination;100
Comparison_of_genealogy_software   General information;94
Comparison_of_genealogy_software   General features;100
Comparison_of_genealogy_software   Genealogical features;77
Comparison_of_genealogy_software   Languages;100
Comparison_of_general_and_generalized_linear_models;100
Comparison_of_geographic_information_systems_software   License  source    operating system support;96
Comparison_of_geographic_information_systems_software   Map servers;91
Comparison_of_geographic_information_systems_software   Map caches;100
Comparison_of_geographic_information_systems_software   Mixed;100
Comparison_of_geographic_information_systems_software   Catalog servers;100
Comparison_of_geographic_information_systems_software   Libraries;88
Comparison_of_geographic_information_systems_software   Applications;100
Comparison_of_geographic_information_systems_software   License   platform support;85
Comparison_of_geographic_information_systems_software   Feature comparison;91
Comparison_of_graphics_file_formats   General;100
Comparison_of_graphics_file_formats   Technical details;96
Comparison_of_H 264_and_VC 1   Overview;100
Comparison_of_H 264_and_VC 1   Terminology;0
Comparison_of_H 264_and_VC 1   Features;88
Comparison_of_handheld_game_consoles   General information;91
Comparison_of_handheld_game_consoles   Specifications;100
Comparison_of_handheld_game_consoles   Specifications (continued);85
Comparison_of_hardware_random_number_generators;76
Comparison_of_help_desk_issue_tracking_software;95
Comparison_of_hex_editors    General ;86
Comparison_of_hex_editors    Features ;87
Comparison_of_high_definition_optical_disc_formats   Technical details;62
Comparison_of_high_definition_optical_disc_formats   Copy protection;0
Comparison_of_Home_Owners'_and_Civic_Associations   General comparison;100
Comparison_of_HP_graphing_calculators;61
Comparison_of_HTML5_and_Flash   Comparison table;93
Comparison_of_HTML_editors    General information ;94
Comparison_of_HTML_editors    Operating system support ;93
Comparison_of_HTML_editors    Editor features ;93
Comparison_of_HTML_editors    Web technology support ;90
Comparison_of_HTML_editors    HTML XHTML specification support ;100
Comparison_of_HTML_editors    Image format support ;96
Comparison_of_HTML_editors   Early HTML comparisons;100
Comparison_of_HTML_parsers;81
Comparison_of_hub_gears;30
Comparison_of_ICBMs   ICBMs by country;100
Comparison_of_image_viewers   General information;94
Comparison_of_image_viewers    Supported file formats ;97
Comparison_of_image_viewers   Supported operating systems;95
Comparison_of_image_viewers   Basic Features;96
Comparison_of_image_viewers   Additional Features;96
Comparison_of_instant_messaging_clients   General information ;97
Comparison_of_instant_messaging_clients   Operating system support;95
Comparison_of_instant_messaging_clients   Protocol support;94
Comparison_of_instant_messaging_clients   XMPP related features;94
Comparison_of_instant_messaging_clients   Features;95
Comparison_of_instant_messaging_clients   Features;85
Comparison_of_instant_messaging_clients   Secure messengers;47
Comparison_of_instant_messaging_clients   Secure messengers;85
Comparison_of_instant_messaging_clients   Messengers with no encryption;100
Comparison_of_instant_messaging_protocols;56
Comparison_of_instruction_set_architectures    Instruction sets ;77
Comparison_of_integrated_development_environments    ActionScript ;100
Comparison_of_integrated_development_environments    Ada ;93
Comparison_of_integrated_development_environments    Haskell ;100
Comparison_of_integrated_development_environments    Java ;100
Comparison_of_integrated_development_environments    JavaScript ;100
Comparison_of_integrated_development_environments    Lua ;100
Comparison_of_integrated_development_environments      anchor Pascal Object Pascal  Pascal  Object Pascal ;100
Comparison_of_integrated_development_environments    Perl ;80
Comparison_of_integrated_development_environments    PHP ;0
Comparison_of_integrated_development_environments    Python ;90
Comparison_of_integrated_development_environments    Racket ;100
Comparison_of_integrated_development_environments    Ruby ;83
Comparison_of_integrated_development_environments    BASIC ;100
Comparison_of_integrated_development_environments    Scala ;100
Comparison_of_integrated_development_environments    Small Basic (Microsoft) ;100
Comparison_of_integrated_development_environments    Smalltalk ;100
Comparison_of_integrated_development_environments    Tcl ;50
Comparison_of_integrated_development_environments    WLanguage ;100
Comparison_of_integrated_development_environments    C C   ;72
Comparison_of_integrated_development_environments    C  ;100
Comparison_of_integrated_development_environments    Common Lisp ;100
Comparison_of_integrated_development_environments    Component Pascal ;100
Comparison_of_integrated_development_environments    Eiffel ;93
Comparison_of_integrated_development_environments    Fortran ;85
Comparison_of_integrated_development_environments    Groovy ;100
Comparison_of_Intel_processors   Intel;10
Comparison_of_Internet_forum_software   General information;83
Comparison_of_Internet_forum_software   Features;84
Comparison_of_Internet_forum_software   Data storage;84
Comparison_of_Internet_Relay_Chat_bots   General;90
Comparison_of_Internet_Relay_Chat_clients    General ;80
Comparison_of_Internet_Relay_Chat_clients    Release history ;100
Comparison_of_Internet_Relay_Chat_clients   Operating system support;100
Comparison_of_Internet_Relay_Chat_clients   Operating system support;72
Comparison_of_Internet_Relay_Chat_clients    Protocol support ;97
Comparison_of_Internet_Relay_Chat_clients    Direct Client to Client (DCC) support ;93
Comparison_of_Internet_Relay_Chat_clients    Features ;97
Comparison_of_Internet_Relay_Chat_daemons    Servers ;81
Comparison_of_Internet_Relay_Chat_daemons    Operating system support ;87
Comparison_of_Internet_Relay_Chat_daemons    Technology ;88
Comparison_of_Internet_Relay_Chat_daemons    Features ;87
Comparison_of_Internet_Relay_Chat_daemons    Features ;86
Comparison_of_IOC _FIFA _and_ISO_3166_country_codes;100
Comparison_of_IOC _FIFA _and_ISO_3166_country_codes;0
Comparison_of_IOC _FIFA _and_ISO_3166_country_codes    Former countries and former country names ;78
Comparison_of_iOS_e book_reader_software    Navigation features ;100
Comparison_of_iOS_e book_reader_software    Display features ;100
Comparison_of_iOS_e book_reader_software    Edit tool features ;100
Comparison_of_iOS_e book_reader_software    Book source management features ;100
Comparison_of_iOS_e book_reader_software    Supported File Formats ;100
Comparison_of_iOS_e book_reader_software    License ;100
Comparison_of_iOS_e book_reader_software    Special features ;100
Comparison_of_iPod_managers    General ;100
Comparison_of_iPod_managers   Media organization and transfer features;77
Comparison_of_iPod_managers   iPod syncing and maintenance features;66
Comparison_of_iPod_managers   iPhone   iPod Touch compatibility;0
Comparison_of_IPv6_application_support   Applications;94
Comparison_of_IPv6_support_by_major_transit_providers;89
Comparison_of_IPv6_support_in_operating_systems;20
Comparison_of_IPv6_support_in_routers    Comparison table ;100
Comparison_of_IPv6_support_in_routers   Third party firmwares with IPv6 support;100
Comparison_of_iSCSI_targets   Comparison chart;88
Comparison_of_issue tracking_systems    General ;95
Comparison_of_issue tracking_systems    Features ;95
Comparison_of_issue tracking_systems    Input interfaces ;95
Comparison_of_issue tracking_systems    Notification interfaces ;95
Comparison_of_issue tracking_systems    Revision control system integration ;95
Comparison_of_issue tracking_systems    Authentication methods ;87
Comparison_of_JavaScript based_source_code_editors   Overview;94
Comparison_of_JavaScript based_source_code_editors   List of features;77
Comparison_of_JavaScript_charting_frameworks;100
Comparison_of_JavaScript_frameworks    General information ;100
Comparison_of_JavaScript_frameworks    Features ;90
Comparison_of_JavaScript_frameworks    Browser support ;86
Comparison_of_Java_and_C      Design aims ;100
Comparison_of_Java_and_C      Syntax ;100
Comparison_of_Java_and_C      Syntax ;100
Comparison_of_Java_and_C      Runtime ;0
Comparison_of_Java_and_C      Performance ;0
Comparison_of_Java_Remote_Desktop_projects    Comparison chart ;88
Comparison_of_Java_virtual_machines;70
Comparison_of_Java_virtual_machines   Technical information;75
Comparison_of_Java_virtual_machines   Supported CPU architectures;90
Comparison_of_Java_virtual_machines   Supported operating systems;94
Comparison_of_karate_styles   Comparison;14
Comparison_of_LAN_messengers   General information;96
Comparison_of_LAN_messengers   Operating system support;96
Comparison_of_LAN_messengers   Features;93
Comparison_of_layout_engines_(Cascading_Style_Sheets)   Grammar and rules;5
Comparison_of_layout_engines_(Cascading_Style_Sheets)   Selectors;100
Comparison_of_layout_engines_(Cascading_Style_Sheets)    Properties ;16
Comparison_of_layout_engines_(Cascading_Style_Sheets)    Descriptors ;0
Comparison_of_layout_engines_(Cascading_Style_Sheets)   Values and units;100
Comparison_of_layout_engines_(Document_Object_Model)   General overview;100
Comparison_of_layout_engines_(Document_Object_Model)   Core (Fundamental);100
Comparison_of_layout_engines_(Document_Object_Model)   Range;100
Comparison_of_layout_engines_(Document_Object_Model)   Load and Save;85
Comparison_of_layout_engines_(Document_Object_Model)   Validation;85
Comparison_of_layout_engines_(Document_Object_Model)   Core (Extended);85
Comparison_of_layout_engines_(Document_Object_Model)   HTML;100
Comparison_of_layout_engines_(Document_Object_Model)   Style (Style Sheets);100
Comparison_of_layout_engines_(Document_Object_Model)   Style (CSS Fundamental);0
Comparison_of_layout_engines_(Document_Object_Model)   Style (CSS Extended);100
Comparison_of_layout_engines_(Document_Object_Model)   Events;100
Comparison_of_layout_engines_(Document_Object_Model)   Views;85
Comparison_of_layout_engines_(Document_Object_Model)   Traversal;100
Comparison_of_layout_engines_(ECMAScript)   ECMAScript version support;45
Comparison_of_layout_engines_(ECMAScript)   Global object;97
Comparison_of_layout_engines_(ECMAScript)   RegExp object;100
Comparison_of_layout_engines_(ECMAScript)   Error object;100
Comparison_of_layout_engines_(ECMAScript)   NativeError objects;100
Comparison_of_layout_engines_(ECMAScript)   Object object;100
Comparison_of_layout_engines_(ECMAScript)   Function object;100
Comparison_of_layout_engines_(ECMAScript)   Array object;50
Comparison_of_layout_engines_(ECMAScript)   String object;64
Comparison_of_layout_engines_(ECMAScript)   Boolean object;100
Comparison_of_layout_engines_(ECMAScript)   Number object;84
Comparison_of_layout_engines_(ECMAScript)   Math object;85
Comparison_of_layout_engines_(ECMAScript)   Date object;76
Comparison_of_layout_engines_(graphics)   Image format support;100
Comparison_of_layout_engines_(graphics)   JPEG support;100
Comparison_of_layout_engines_(graphics)   GIF support;100
Comparison_of_layout_engines_(graphics)   PNG support;85
Comparison_of_layout_engines_(HTML)    Global structure elements ;100
Comparison_of_layout_engines_(HTML)    Text elements ;100
Comparison_of_layout_engines_(HTML)   Script elements;100
Comparison_of_layout_engines_(HTML)   Language elements;0
Comparison_of_layout_engines_(HTML)   Generic attributes;100
Comparison_of_layout_engines_(HTML)    List elements ;100
Comparison_of_layout_engines_(HTML)    Table elements ;100
Comparison_of_layout_engines_(HTML)    Link elements ;100
Comparison_of_layout_engines_(HTML)    Multimedia elements ;100
Comparison_of_layout_engines_(HTML)   Frame elements;100
Comparison_of_layout_engines_(HTML)   Form elements;100
Comparison_of_layout_engines_(HTML)   Presentational elements;100
Comparison_of_layout_engines_(HTML)   Stylesheet elements;100
Comparison_of_layout_engines_(HTML5)   Elements;92
Comparison_of_layout_engines_(HTML5)    Element specific ;100
Comparison_of_layout_engines_(HTML5)   Global;50
Comparison_of_layout_engines_(HTML5)   Form elements and attributes;92
Comparison_of_layout_engines_(HTML5)   APIs;25
Comparison_of_layout_engines_(HTML5)   Other features;44
Comparison_of_layout_engines_(HTML5)   Next generation additions;100
Comparison_of_layout_engines_(HTML5)   Related specifications;76
Comparison_of_layout_engines_(HTML5_canvas)   Canvas functions;100
Comparison_of_layout_engines_(HTML5_canvas)   Supported contexts;100
Comparison_of_layout_engines_(HTML5_canvas)   Canvas Rendering Context 2D;100
Comparison_of_layout_engines_(HTML5_media)   Element attributes;100
Comparison_of_layout_engines_(HTML5_media)   DOM attributes;100
Comparison_of_layout_engines_(HTML5_media)   DOM events;100
Comparison_of_layout_engines_(HTML5_media)   Video format support;66
Comparison_of_layout_engines_(HTML5_media)   Audio format support;100
Comparison_of_layout_engines_(MathML)   Media type;100
Comparison_of_layout_engines_(MathML)   Elements;98
Comparison_of_layout_engines_(MathML)   Global;0
Comparison_of_layout_engines_(MathML)   Element specific;0
Comparison_of_layout_engines_(MathML)   APIs;0
Comparison_of_layout_engines_(non standard_HTML)   Deprecated HTML elements;100
Comparison_of_layout_engines_(non standard_HTML)   Deprecated HTML attributes;100
Comparison_of_layout_engines_(non standard_HTML)   Proprietary HTML elements;100
Comparison_of_layout_engines_(non standard_HTML)   Proprietary HTML attributes;100
Comparison_of_layout_engines_(Scalable_Vector_Graphics)   SVG version support;100
Comparison_of_layout_engines_(Scalable_Vector_Graphics)   Embedding;71
Comparison_of_layout_engines_(Scalable_Vector_Graphics)   SVG 1 1 support;93
Comparison_of_layout_engines_(web_typography)   Support for CSS font resources;27
Comparison_of_layout_engines_(web_typography)   Support in HTML and XML documents;100
Comparison_of_layout_engines_(web_typography)   Support in SVG documents;100
Comparison_of_layout_engines_(web_typography)   Smart font features support;100
Comparison_of_layout_engines_(XHTML)   Media types;100
Comparison_of_layout_engines_(XHTML)   Combined profiles;100
Comparison_of_layout_engines_(XHTML_1 1)    Structure Module ;100
Comparison_of_layout_engines_(XHTML_1 1)    Text Module ;100
Comparison_of_layout_engines_(XHTML_1 1)    Client side Image Map Module ;100
Comparison_of_layout_engines_(XHTML_1 1)    Object Module ;100
Comparison_of_layout_engines_(XHTML_1 1)    Metainformation Module ;100
Comparison_of_layout_engines_(XHTML_1 1)    Scripting Module ;100
Comparison_of_layout_engines_(XHTML_1 1)    Style Sheet Module ;100
Comparison_of_layout_engines_(XHTML_1 1)    Link Module ;100
Comparison_of_layout_engines_(XHTML_1 1)    Base Module ;100
Comparison_of_layout_engines_(XHTML_1 1)    Ruby Annotation Module ;100
Comparison_of_layout_engines_(XHTML_1 1)    Core ;100
Comparison_of_layout_engines_(XHTML_1 1)    I18N ;100
Comparison_of_layout_engines_(XHTML_1 1)    Hypertext Module ;100
Comparison_of_layout_engines_(XHTML_1 1)    Events ;14
Comparison_of_layout_engines_(XHTML_1 1)    Server side Image Map Module ;100
Comparison_of_layout_engines_(XHTML_1 1)    Intrinsic Events Module ;42
Comparison_of_layout_engines_(XHTML_1 1)    List Module ;100
Comparison_of_layout_engines_(XHTML_1 1)    Presentation Module ;100
Comparison_of_layout_engines_(XHTML_1 1)    Edit Module ;100
Comparison_of_layout_engines_(XHTML_1 1)    Bi directional Text Module ;100
Comparison_of_layout_engines_(XHTML_1 1)    Forms Module ;100
Comparison_of_layout_engines_(XHTML_1 1)    Table Module ;100
Comparison_of_layout_engines_(XHTML_1 1)    Image Module ;100
Comparison_of_layout_engines_(XML)   Core technologies;100
Comparison_of_layout_engines_(XML)   XSL technologies;66
Comparison_of_layout_engines_(XML)   Linking technologies;100
Comparison_of_layout_engines_(XML)   Query technologies;100
Comparison_of_layout_engines_(XML)    Schema technologies ;100
Comparison_of_layout_engines_(XML)   Security technologies;100
Comparison_of_Lemmings_ports   General information;81
Comparison_of_Lemmings_ports   Feature comparison;85
Comparison_of_linear_algebra_libraries    General information ;100
Comparison_of_linear_algebra_libraries    Matrix types and operations ;100
Comparison_of_Linux_distributions    General ;86
Comparison_of_Linux_distributions   Technical;100
Comparison_of_Linux_distributions   Instruction set architecture support;93
Comparison_of_Linux_distributions   Package management and installation;82
Comparison_of_Linux_distributions   Live media;84
Comparison_of_Linux_distributions   Security features;100
Comparison_of_machine_translation_applications   General information;90
Comparison_of_machine_translation_applications   Languages features comparison;95
Comparison_of_Macintosh_models   Desktops;14
Comparison_of_Macintosh_models   Input Output;13
Comparison_of_Macintosh_models   Physical specifications;88
Comparison_of_Macintosh_models   Expansion;100
Comparison_of_Macintosh_models   History;33
Comparison_of_macro_recorder_software;100
Comparison_of_mail_servers    Feature comparison ;94
Comparison_of_mail_servers    Authentication ;100
Comparison_of_mail_servers    Antispam features ;100
Comparison_of_Malaysian_and_Indonesian    Vocabulary comparison ;100
Comparison_of_Malaysian_and_Indonesian    False friends ;100
Comparison_of_Malaysian_and_Indonesian   Table of comparison;100
Comparison_of_massively_multiplayer_online_role playing_games   General information;85
Comparison_of_massively_multiplayer_online_role playing_games   Statistics table;82
Comparison_of_massively_multiplayer_online_role playing_games   Engine table;88
Comparison_of_massively_multiplayer_online_role playing_games   Minimal system requirements;100
Comparison_of_massively_multiplayer_online_role playing_games   Feature Set;75
Comparison_of_MD_and_DO_in_the_United_States   Licensure;0
Comparison_of_memory_cards    Common information ;0
Comparison_of_memory_cards   Physical details;33
Comparison_of_memory_cards    Technical details ;100
Comparison_of_memory_cards    Consumer details ;69
Comparison_of_memory_cards    Compatibility ;100
Comparison_of_metadata_editors    Features ;92
Comparison_of_microblogging_services    General information ;71
Comparison_of_microblogging_services    Features ;100
Comparison_of_microblogging_services    Posting and reading ;100
Comparison_of_Microsoft_Windows_versions     Anchor GI DOS  DOS shells;0
Comparison_of_Microsoft_Windows_versions     Anchor GI 9x  Windows 9x;100
Comparison_of_Microsoft_Windows_versions     Anchor FS 9x  Windows 9x;100
Comparison_of_Microsoft_Windows_versions     Anchor FS NT  Windows NT;76
Comparison_of_Microsoft_Windows_versions     Anchor FS Phone  Windows Phone;100
Comparison_of_Microsoft_Windows_versions     Anchor HR 9x  Windows 9x;100
Comparison_of_Microsoft_Windows_versions     Anchor HR NT  Windows NT;83
Comparison_of_Microsoft_Windows_versions     Anchor HR Phone  Windows Phone;100
Comparison_of_Microsoft_Windows_versions     Anchor memlim NT  Windows NT;60
Comparison_of_Microsoft_Windows_versions   Security features;100
Comparison_of_Microsoft_Windows_versions   Features;73
Comparison_of_Microsoft_Windows_versions     Anchor GI NT  Windows NT;72
Comparison_of_Microsoft_Windows_versions     anchor GI CE  Windows Embedded Compact;14
Comparison_of_Microsoft_Windows_versions     Anchor GI Mobile  Windows Mobile;33
Comparison_of_Microsoft_Windows_versions     Anchor GI Phone  Windows Phone;50
Comparison_of_Microsoft_Windows_versions     anchor TI DOS  DOS shells;0
Comparison_of_Microsoft_Windows_versions     Anchor TI 9x  Windows 9x;100
Comparison_of_Microsoft_Windows_versions      Anchor TI NT  Windows NT ;73
Comparison_of_Microsoft_Windows_versions     Anchor TI Phone  Windows Phone;100
Comparison_of_MIDI_standards;85
Comparison_of_mobile_Internet_Relay_Chat_clients   General;96
Comparison_of_mobile_Internet_Relay_Chat_clients   Release history;95
Comparison_of_mobile_Internet_Relay_Chat_clients   Protocol support;100
Comparison_of_mobile_Internet_Relay_Chat_clients   Direct client to client (DCC) support;93
Comparison_of_mobile_Internet_Relay_Chat_clients   Features;57
Comparison_of_mobile_operating_systems    About OS ;0
Comparison_of_mobile_operating_systems    About OS ;100
Comparison_of_mobile_operating_systems    Peripheral Support ;100
Comparison_of_mobile_operating_systems    Photo and Video ;83
Comparison_of_mobile_operating_systems    Productivity ;100
Comparison_of_mobile_operating_systems    Ringtones and Alerts ;100
Comparison_of_mobile_operating_systems    Security and Privacy ;71
Comparison_of_mobile_operating_systems    Sound and Voice ;88
Comparison_of_mobile_operating_systems    Other Features ;100
Comparison_of_mobile_operating_systems    Advanced Controls ;45
Comparison_of_mobile_operating_systems    Application Ecosystem ;100
Comparison_of_mobile_operating_systems    Basic Features ;100
Comparison_of_mobile_operating_systems    Browser ;100
Comparison_of_mobile_operating_systems    Communication and Connectivity ;100
Comparison_of_mobile_operating_systems    Language and Inputs ;100
Comparison_of_mobile_operating_systems    Maps and Navigation ;100
Comparison_of_mobile_operating_systems    Media Playback and Controls ;100
Comparison_of_mobile_phone_standards    Comparison table ;66
Comparison_of_movie_cameras   General;65
Comparison_of_movie_cameras   Lens and gate aperture;64
Comparison_of_movie_cameras   Shutter;64
Comparison_of_movie_cameras   Movement;64
Comparison_of_movie_cameras   Viewfinder;64
Comparison_of_movie_cameras   General;86
Comparison_of_MUD_clients    Operating systems ;80
Comparison_of_MUD_clients    Protocol support ;85
Comparison_of_MUD_clients    Scripting support ;72
Comparison_of_MySQL_database_engines;100
Comparison_of_national_standards_of_Chinese   Written standards;100
Comparison_of_national_standards_of_Chinese   Vocabulary differences;75
Comparison_of_net connected_media_players;80
Comparison_of_netbook oriented_Linux_distributions   Features;42
Comparison_of_netbook oriented_Linux_distributions   Specific features;16
Comparison_of_netbooks   Specifications;80
Comparison_of_netbooks   Specifications;100
Comparison_of_network_diagram_software    List of Network Mapping Software ;90
Comparison_of_network_diagram_software    List of Drawing Tools  ;100
Comparison_of_network_diagram_software    Network Mapping Features  ;90
Comparison_of_network_diagram_software    Drawing Features ;86
Comparison_of_network_monitoring_systems    Features ;93
Comparison_of_network_monitoring_systems    Release history ;100
Comparison_of_neurofeedback_software   General;95
Comparison_of_Nikon_DSLR_cameras;100
Comparison_of_Nintendo_portable_consoles   Comparison;0
Comparison_of_Nintendo_portable_consoles    Comparison ;100
Comparison_of_Nintendo_portable_consoles   Software compatibility;28
Comparison_of_NMDC_Software    General ;94
Comparison_of_NMDC_Software    Operating system support ;94
Comparison_of_NMDC_Software    General ;85
Comparison_of_NMDC_Software    General ;62
Comparison_of_NMDC_Software    Operating system support ;62
Comparison_of_NMDC_Software    Interface and programming ;62
Comparison_of_North_American_ski_resorts;96
Comparison_of_Norwegian_Bokm l_and_Standard_Danish    Writing system ;100
Comparison_of_Norwegian_Bokm l_and_Standard_Danish    Vowels ;100
Comparison_of_Norwegian_Bokm l_and_Standard_Danish    Consonants ;100
Comparison_of_Norwegian_Bokm l_and_Standard_Danish    Vocabulary ;100
Comparison_of_Norwegian_Bokm l_and_Standard_Danish    False friends ;87
Comparison_of_notetaking_software   General information;93
Comparison_of_notetaking_software   Basic features;94
Comparison_of_notetaking_software   Advanced formatting and content;83
Comparison_of_numerical_analysis_software    General ;96
Comparison_of_numerical_analysis_software    Operating system support ;96
Comparison_of_numerical_analysis_software    Language features ;0
Comparison_of_numerical_analysis_software    Language features ;100
Comparison_of_numerical_analysis_software    General ;80
Comparison_of_numerical_analysis_software    Operating system support ;77
Comparison_of_Nvidia_chipsets    nForce ;100
Comparison_of_Nvidia_chipsets    nForce Southbridges ;50
Comparison_of_Nvidia_chipsets    For AMD processors ;100
Comparison_of_Nvidia_chipsets    For Intel processors ;100
Comparison_of_Nvidia_chipsets    For AMD processors ;100
Comparison_of_Nvidia_chipsets    For Intel processors ;100
Comparison_of_Nvidia_chipsets    For AMD processors ;100
Comparison_of_Nvidia_chipsets    For Intel processors ;100
Comparison_of_Nvidia_chipsets     ;100
Comparison_of_Nvidia_chipsets    nForce Professional ;83
Comparison_of_Nvidia_chipsets    For AMD processors ;100
Comparison_of_Nvidia_chipsets    For Intel processors ;100
Comparison_of_Nvidia_chipsets    nForce2 ;100
Comparison_of_Nvidia_chipsets    nForce2 Southbridges ;25
Comparison_of_Nvidia_chipsets     ;100
Comparison_of_Nvidia_chipsets    For AMD processors ;80
Comparison_of_Nvidia_chipsets    For Intel processors ;100
Comparison_of_Nvidia_chipsets     () ;100
Comparison_of_Nvidia_chipsets    For AMD processors ;100
Comparison_of_Nvidia_chipsets    For Intel processors ;100
Comparison_of_object relational_database_management_systems    Basic data ;100
Comparison_of_object relational_database_management_systems   Object features;100
Comparison_of_object relational_database_management_systems   Data types;100
Comparison_of_object relational_mapping_software;86
Comparison_of_object_database_management_systems;85
Comparison_of_Office_Open_XML_and_OpenDocument   Comparison;50
Comparison_of_Office_Open_XML_software   Word processors;93
Comparison_of_Office_Open_XML_software   Spreadsheet documents;83
Comparison_of_Office_Open_XML_software   Presentation documents;80
Comparison_of_office_suites    General information ;93
Comparison_of_office_suites    Operating system support ;100
Comparison_of_office_suites    Main components ;100
Comparison_of_office_suites    Online capabilities ;100
Comparison_of_OLAP_Servers   General information;100
Comparison_of_OLAP_Servers   Data storage modes;100
Comparison_of_OLAP_Servers   APIs and query languages;100
Comparison_of_OLAP_Servers   OLAP distinctive features;100
Comparison_of_OLAP_Servers   System limits;0
Comparison_of_OLAP_Servers   Security;100
Comparison_of_OLAP_Servers   Operating systems;100
Comparison_of_OLAP_Servers   Support information;100
Comparison_of_online_backup_services   Comparison;100
Comparison_of_online_charity_donation_services_in_the_United_Kingdom;87
Comparison_of_online_charity_donation_services_in_the_United_Kingdom;85
Comparison_of_online_dating_websites   Online Dating Services;72
Comparison_of_online_music_lockers    Comparison ;85
Comparison_of_online_music_stores;92
Comparison_of_open source_configuration_management_software   Basic properties;100
Comparison_of_open source_configuration_management_software   Platform support;100
Comparison_of_open source_operating_systems    General information ;85
Comparison_of_open source_operating_systems    Supported architectures ;88
Comparison_of_open source_operating_systems    General ;88
Comparison_of_open source_operating_systems    Networking ;87
Comparison_of_open source_operating_systems    Network technologies ;81
Comparison_of_open source_operating_systems    Supported file systems ;85
Comparison_of_open source_operating_systems    Supported file system features ;100
Comparison_of_open source_operating_systems    Security features ;100
Comparison_of_open source_software_hosting_facilities   General information;88
Comparison_of_open source_software_hosting_facilities   Features;93
Comparison_of_open source_software_hosting_facilities   Available version control systems;79
Comparison_of_open source_software_hosting_facilities   Popularity;83
Comparison_of_open source_software_hosting_facilities   Specialized hosting facilities;83
Comparison_of_open source_wireless_drivers   Status;98
Comparison_of_open source_wireless_drivers    Driver capabilities ;96
Comparison_of_open source_wireless_drivers   DragonFly BSD;100
Comparison_of_open source_wireless_drivers   FreeBSD;100
Comparison_of_open source_wireless_drivers   NetBSD;26
Comparison_of_open source_wireless_drivers   OpenBSD;96
Comparison_of_open source_wireless_drivers   Solaris and OpenSolaris;100
Comparison_of_open source_wireless_drivers   Darwin  OpenDarwin and Mac OS X;100
Comparison_of_open source_wireless_drivers   FreeBSD;100
Comparison_of_open source_wireless_drivers   OpenBSD;100
Comparison_of_OpenDocument_software   Word processors;100
Comparison_of_OpenDocument_software   Spreadsheet documents;100
Comparison_of_OpenDocument_software   Presentation documents;33
Comparison_of_OpenDocument_software   Conversion   Publishing systems;100
Comparison_of_OpenDocument_software   OpenDocument Format version in exported files;100
Comparison_of_OpenGL_and_Direct3D    Availability ;100
Comparison_of_OpenXPS_and_PDF   Comparison;100
Comparison_of_operating_systems    General information ;100
Comparison_of_operating_systems    Technical information ;81
Comparison_of_operating_systems    Security ;100
Comparison_of_operating_systems    Commands ;80
Comparison_of_operating_system_kernels    Feature overview ;96
Comparison_of_operating_system_kernels    Transport protocol support ;100
Comparison_of_operating_system_kernels    Supported cipher algorithms ;86
Comparison_of_operating_system_kernels    Supported compression algorithms ;100
Comparison_of_operating_system_kernels    Supported hash algorithms ;43
Comparison_of_operating_system_kernels    Supported Bluetooth protocols ;94
Comparison_of_operating_system_kernels    In kernel security ;100
Comparison_of_operating_system_kernels    In kernel virtualization ;66
Comparison_of_operating_system_kernels    In kernel server support ;77
Comparison_of_operating_system_kernels    Binary format support ;90
Comparison_of_operating_system_kernels    File system support ;97
Comparison_of_operating_system_kernels    Networked file system support ;100
Comparison_of_operating_system_kernels    Supported CPU instruction sets and microarchitectures ;0
Comparison_of_operating_system_kernels    Supported kernel execution environment ;86
Comparison_of_optical_character_recognition_software;92
Comparison_of_optimization_software;100
Comparison_of_orbital_launchers_families    List of launchers families ;62
Comparison_of_orbital_launch_systems;100
Comparison_of_orbital_rocket_engines;30
Comparison_of_packet_analyzers   General information;90
Comparison_of_packet_analyzers   Operating system support;86
Comparison_of_parser_generators    Regular languages ;88
Comparison_of_parser_generators    Deterministic context free languages ;86
Comparison_of_parser_generators   Parsing expression grammars  deterministic boolean grammars;80
Comparison_of_parser_generators    General context free  conjunctive or boolean languages ;92
Comparison_of_personal_air_vehicles   PAVs competing in PAV Challenge;50
Comparison_of_personal_air_vehicles   Other PAVs;82
Comparison_of_photo_gallery_software   Desktop applications;100
Comparison_of_photo_gallery_software   Server applications;100
Comparison_of_photo_stitching_software   General;75
Comparison_of_photo_stitching_software    HDR  tonemapping and exposure fusion ;70
Comparison_of_photo_stitching_software    Image corrections ;100
Comparison_of_photo_stitching_software    Export options ;66
Comparison_of_photo_stitching_software    Compatible equipment ;65
Comparison_of_platform_virtualization_software   General;85
Comparison_of_platform_virtualization_software    Features ;77
Comparison_of_platform_virtualization_software    Image type compatibility ;71
Comparison_of_platform_virtualization_software    Other features ;100
Comparison_of_platform_virtualization_software    Restrictions ;0
Comparison_of_popular_optical_data storage_systems   Speed;100
Comparison_of_popular_optical_data storage_systems   Speed;100
Comparison_of_popular_optical_data storage_systems   Speed;100
Comparison_of_portable_media_players    General ;100
Comparison_of_portable_media_players    Technical specifications ;68
Comparison_of_portable_media_players    Synching and transfer ;77
Comparison_of_portable_media_players    Wi Fi connectivity ;62
Comparison_of_portable_media_players    Audio formats ;91
Comparison_of_portable_media_players    Video formats ;69
Comparison_of_portable_media_players    Additional features ;73
Comparison_of_Portuguese_and_Spanish   Samples;83
Comparison_of_Portuguese_and_Spanish   Days of the week;0
Comparison_of_Portuguese_and_Spanish   Vowels;54
Comparison_of_Portuguese_and_Spanish   Vowels;0
Comparison_of_Portuguese_and_Spanish   Unstressed vowels;33
Comparison_of_Portuguese_and_Spanish   Consonants;0
Comparison_of_Portuguese_and_Spanish   Consonants;33
Comparison_of_Portuguese_and_Spanish   Sibilants;0
Comparison_of_Portuguese_and_Spanish   Other pronunciation differences;71
Comparison_of_Portuguese_and_Spanish   Se  si  s   and sim;50
Comparison_of_Portuguese_and_Spanish   Possessives;100
Comparison_of_Portuguese_and_Spanish   Object pronouns;100
Comparison_of_Portuguese_and_Spanish   Clitic personal pronouns;0
Comparison_of_Portuguese_and_Spanish    To like ;100
Comparison_of_Portuguese_and_Spanish   Contractions;0
Comparison_of_Portuguese_and_Spanish   Contractions;0
Comparison_of_Portuguese_and_Spanish   Different spellings for similar sounds;0
Comparison_of_Power_Management_Software_Suites;47
Comparison_of_privilege_authorization_features    Introduction to implementations ;100
Comparison_of_privilege_authorization_features    Introduction to implementations ;0
Comparison_of_privilege_authorization_features    Introduction to implementations ;0
Comparison_of_programming_languages_(array)    Array dimensions ;83
Comparison_of_programming_languages_(array)    Indexing ;62
Comparison_of_programming_languages_(array)   Slicing;63
Comparison_of_programming_languages_(array)   Array system cross reference list;82
Comparison_of_programming_languages_(array)    Mathematical matrices management ;100
Comparison_of_programming_languages_(basic_instructions)     ;100
Comparison_of_programming_languages_(basic_instructions)     ;83
Comparison_of_programming_languages_(basic_instructions)    Other control flow statements ;82
Comparison_of_programming_languages_(basic_instructions)     ;100
Comparison_of_programming_languages_(basic_instructions)     ;100
Comparison_of_programming_languages_(basic_instructions)     ;68
Comparison_of_programming_languages_(basic_instructions)    Reading  ;77
Comparison_of_programming_languages_(basic_instructions)    Execution of commands ;75
Comparison_of_programming_languages_(basic_instructions)     ;81
Comparison_of_programming_languages_(basic_instructions)    Other variable types ;83
Comparison_of_programming_languages_(basic_instructions)     ;82
Comparison_of_programming_languages_(basic_instructions)    Other types ;80
Comparison_of_programming_languages_(basic_instructions)    Variable and constant declarations ;82
Comparison_of_programming_languages_(basic_instructions)     statements ;100
Comparison_of_programming_languages_(basic_instructions)     ;100
Comparison_of_programming_languages_(basic_instructions)     ;80
Comparison_of_programming_languages_(object oriented_programming)    Object construction and destruction ;75
Comparison_of_programming_languages_(object oriented_programming)    Class declaration ;79
Comparison_of_programming_languages_(object oriented_programming)    Member access ;77
Comparison_of_programming_languages_(object oriented_programming)    Member availability ;100
Comparison_of_programming_languages_(object oriented_programming)    Special variables ;77
Comparison_of_programming_languages_(object oriented_programming)    Special methods ;75
Comparison_of_programming_languages_(object oriented_programming)    Type manipulation ;77
Comparison_of_programming_languages_(object oriented_programming)    Namespace management ;70
Comparison_of_programming_languages_(object oriented_programming)    Contracts ;70
Comparison_of_programming_languages_(object oriented_programming)    Constructors and destructors ;77
Comparison_of_programming_languages_(object oriented_programming)    Fields ;77
Comparison_of_programming_languages_(object oriented_programming)    Methods ;77
Comparison_of_programming_languages_(object oriented_programming)    Manually implemented ;76
Comparison_of_programming_languages_(object oriented_programming)    Automatically implemented ;73
Comparison_of_programming_languages_(object oriented_programming)    Standard operators ;73
Comparison_of_programming_languages_(object oriented_programming)    Indexers ;73
Comparison_of_programming_languages_(object oriented_programming)    Type casts ;70
Comparison_of_programming_languages_(strings)   Common variants;7
Comparison_of_programming_languages_(strings)    Quoted raw ;0
Comparison_of_programming_languages_(strings)    Quoted interpolated ;80
Comparison_of_programming_languages_(strings)    Escaped quotes ;83
Comparison_of_programming_languages_(strings)    Dual quoting ;33
Comparison_of_programming_languages_(strings)    Multiple quoting ;66
Comparison_of_programming_languages_(strings)    Here document ;75
Comparison_of_programming_languages_(strings)    Unique quoting variants ;100
Comparison_of_programming_languages_(string_functions)   CharAt;0
Comparison_of_programming_languages_(string_functions)   CharAt;62
Comparison_of_programming_languages_(string_functions)   Equality;100
Comparison_of_programming_languages_(string_functions)   Find;100
Comparison_of_programming_languages_(string_functions)   Find;5
Comparison_of_programming_languages_(string_functions)   Find character;100
Comparison_of_programming_languages_(string_functions)   Find character;5
Comparison_of_programming_languages_(string_functions)   Format;100
Comparison_of_programming_languages_(string_functions)   Format;73
Comparison_of_programming_languages_(string_functions)   Inequality;0
Comparison_of_programming_languages_(string_functions)   join;100
Comparison_of_programming_languages_(string_functions)   join;100
Comparison_of_programming_languages_(string_functions)   Compare (integer result);100
Comparison_of_programming_languages_(string_functions)   left;100
Comparison_of_programming_languages_(string_functions)   left;100
Comparison_of_programming_languages_(string_functions)   length;100
Comparison_of_programming_languages_(string_functions)   length;60
Comparison_of_programming_languages_(string_functions)   Lowercase;100
Comparison_of_programming_languages_(string_functions)   Lowercase;100
Comparison_of_programming_languages_(string_functions)   partition;100
Comparison_of_programming_languages_(string_functions)   partition;0
Comparison_of_programming_languages_(string_functions)   replace;100
Comparison_of_programming_languages_(string_functions)   replace;0
Comparison_of_programming_languages_(string_functions)   Compare (integer result);100
Comparison_of_programming_languages_(string_functions)   reverse;100
Comparison_of_programming_languages_(string_functions)   reverse;100
Comparison_of_programming_languages_(string_functions)   rfind;100
Comparison_of_programming_languages_(string_functions)   rfind;0
Comparison_of_programming_languages_(string_functions)   right;100
Comparison_of_programming_languages_(string_functions)   right;0
Comparison_of_programming_languages_(string_functions)   rpartition;100
Comparison_of_programming_languages_(string_functions)   rpartition;100
Comparison_of_programming_languages_(string_functions)   split;100
Comparison_of_programming_languages_(string_functions)   split;0
Comparison_of_programming_languages_(string_functions)   Compare (relational operator based  Boolean result);100
Comparison_of_programming_languages_(string_functions)   substring;100
Comparison_of_programming_languages_(string_functions)   substring;78
Comparison_of_programming_languages_(string_functions)   Uppercase;100
Comparison_of_programming_languages_(string_functions)   Uppercase;100
Comparison_of_programming_languages_(string_functions)   trim;11
Comparison_of_programming_languages_(string_functions)   Compare (relational operator based  Boolean result);0
Comparison_of_programming_languages_(string_functions)   Concatenation;100
Comparison_of_programming_languages_(string_functions)   Concatenation;100
Comparison_of_programming_languages_(string_functions)   Contains;100
Comparison_of_programming_languages_(string_functions)   Contains;100
Comparison_of_programming_languages_(syntax)    Statements ;86
Comparison_of_programming_languages_(syntax)    Inline comments ;25
Comparison_of_programming_languages_(syntax)    Block comments ;100
Comparison_of_programming_languages_(syntax)    Comment comparison ;50
Comparison_of_programming_languages   General comparison;91
Comparison_of_programming_languages   Type systems;75
Comparison_of_programming_languages   Failsafe I O and system calls;93
Comparison_of_programming_languages   Expressiveness;85
Comparison_of_programming_paradigms    Main paradigm approaches ;62
Comparison_of_programming_paradigms    Pseudocode examples comparing various paradigms ;50
Comparison_of_project_management_software   General information;92
Comparison_of_project_management_software   Features;91
Comparison_of_project_management_software   Monetary features;93
Comparison_of_Prolog_implementations   Main features;78
Comparison_of_Prolog_implementations   Operating system and Web related features;70
Comparison_of_Prolog_implementations   Static analysis;66
Comparison_of_Prolog_implementations   Optimizations;50
Comparison_of_proxifiers    General ;90
Comparison_of_proxifiers   Platforms;100
Comparison_of_proxifiers   Proxy protocols and methods;100
Comparison_of_PSA_systems;87
Comparison_of_pumps   Direct lift devices;61
Comparison_of_pumps   Displacement pumps;88
Comparison_of_pumps   Velocity pumps;80
Comparison_of_pumps   Buoyancy pumps;100
Comparison_of_pumps   Impulse pumps;100
Comparison_of_PVR_software_packages   General information;88
Comparison_of_PVR_software_packages   Digital Personal Video Recorder (DVR PVR) features;73
Comparison_of_PVR_software_packages   Video format support;72
Comparison_of_PVR_software_packages    Network support ;75
Comparison_of_radio_systems   Table;100
Comparison_of_raster to vector_conversion_software    General information ;81
Comparison_of_raster to vector_conversion_software    Basic features ;83
Comparison_of_raster to vector_conversion_software    AutoCAD features ;100
Comparison_of_raster to vector_conversion_software    Raster editing features ;100
Comparison_of_raster to vector_conversion_software    Vector editing features ;57
Comparison_of_raster_graphics_editors    List ;0
Comparison_of_raster_graphics_editors    List ;0
Comparison_of_raster_graphics_editors    General information ;95
Comparison_of_raster_graphics_editors    Operating system support ;94
Comparison_of_raster_graphics_editors    Features ;86
Comparison_of_raster_graphics_editors    Color spaces ;93
Comparison_of_raster_graphics_editors    File support ;94
Comparison_of_reference_management_software    General ;100
Comparison_of_reference_management_software    Operating system support ;100
Comparison_of_reference_management_software    Export file formats ;100
Comparison_of_reference_management_software    Import file formats ;100
Comparison_of_reference_management_software    Citation styles ;100
Comparison_of_reference_management_software    Reference list file formats ;100
Comparison_of_reference_management_software    Word processor integration ;100
Comparison_of_reference_management_software    Database connectivity ;100
Comparison_of_reference_management_software   Password  protection  and network versions;100
Comparison_of_regular_expression_engines   Libraries;100
Comparison_of_regular_expression_engines   Languages;85
Comparison_of_regular_expression_engines   Part 1;73
Comparison_of_regular_expression_engines   Part 2;75
Comparison_of_regular_expression_engines   API features;63
Comparison_of_relational_database_management_systems   General information;98
Comparison_of_relational_database_management_systems   Operating system support;98
Comparison_of_relational_database_management_systems   Access control;96
Comparison_of_relational_database_management_systems   Fundamental features;97
Comparison_of_relational_database_management_systems   Limits;100
Comparison_of_relational_database_management_systems   Tables and views;100
Comparison_of_relational_database_management_systems   Indices;97
Comparison_of_relational_database_management_systems   Database capabilities;100
Comparison_of_relational_database_management_systems   Data types;96
Comparison_of_relational_database_management_systems   Other objects;97
Comparison_of_relational_database_management_systems   Partitioning;97
Comparison_of_research_networking_tools_and_research_profiling_systems    General ;83
Comparison_of_research_networking_tools_and_research_profiling_systems    Data Sources  Ingest and Export Formats ;81
Comparison_of_research_networking_tools_and_research_profiling_systems    Data Interoperability and Integration ;81
Comparison_of_research_networking_tools_and_research_profiling_systems    Users Profiled  User Interactivity and Networking Functionality ;82
Comparison_of_research_networking_tools_and_research_profiling_systems    Controlled Vocabulary  Ontologies and Author Disambiguation ;81
Comparison_of_research_networking_tools_and_research_profiling_systems    Bibliometrics ;100
Comparison_of_S M A R T _tools;100
Comparison_of_Scottish_Gaelic_and_Irish   Orthographic differences;100
Comparison_of_Scottish_Gaelic_and_Irish   Differences in vocabulary;100
Comparison_of_Scottish_Gaelic_and_Irish   Differences in vocabulary;100
Comparison_of_Solaris_distributions    General ;100
Comparison_of_Solaris_distributions   Technical;100
Comparison_of_Solaris_distributions   Package management and installation;83
Comparison_of_Solaris_distributions   Live media;100
Comparison_of_Sony_Vaio_laptops   Sony Vaio S Series;0
Comparison_of_Sony_Vaio_laptops   Sony Vaio C Series;0
Comparison_of_Sony_Vaio_laptops    Sony Vaio E Series ;0
Comparison_of_Sony_Vaio_laptops    Sony Vaio Z Series ;100
Comparison_of_Sony_Vaio_laptops    Sony Vaio F Series ;0
Comparison_of_Sony_Vaio_laptops    Sony Vaio L Series ;100
Comparison_of_Sony_Vaio_laptops    Sony Vaio J Series ;0
Comparison_of_SSH_clients   General;93
Comparison_of_SSH_clients   Platform;96
Comparison_of_SSH_clients   Technical;100
Comparison_of_SSH_clients   Features;100
Comparison_of_SSH_servers   General;100
Comparison_of_SSH_servers   Platform;95
Comparison_of_SSH_servers   Features;94
Comparison_of_Subversion_clients    Subversion clients comparison table ;100
Comparison_of_Subversion_clients    Standalone Subversion clients comparison table ;95
Comparison_of_Symbian_devices;80
Comparison_of_Texas_Instruments_graphing_calculators;10
Comparison_of_Texas_Instruments_graphing_calculators    Programming language support ;5
Comparison_of_TeX_editors   Table of editor properties;100
Comparison_of_TLS_implementations    Overview ;100
Comparison_of_TLS_implementations    Protocol support ;65
Comparison_of_TLS_implementations    Supported elliptic curves ;0
Comparison_of_TLS_implementations    Supported elliptic curves ;50
Comparison_of_TLS_implementations    Data integrity ;88
Comparison_of_TLS_implementations    Compression ;100
Comparison_of_TLS_implementations    Extensions ;92
Comparison_of_TLS_implementations    Assisted cryptography ;50
Comparison_of_TLS_implementations    System specific backends ;100
Comparison_of_TLS_implementations    Cryptographic module token support ;93
Comparison_of_TLS_implementations    Code dependencies ;90
Comparison_of_TLS_implementations    Development environment ;100
Comparison_of_TLS_implementations    NSA Suite B Cryptography ;100
Comparison_of_TLS_implementations    Portability concerns ;100
Comparison_of_TLS_implementations    Certifications ;100
Comparison_of_TLS_implementations    Key exchange algorithms (certificate only) ;83
Comparison_of_TLS_implementations    Key exchange algorithms (alternative key exchanges) ;100
Comparison_of_TLS_implementations    Certificate verification methods ;100
Comparison_of_TLS_implementations    Encryption algorithms ;72
Comparison_of_TLS_implementations    Obsolete algorithms ;0
Comparison_of_TLS_implementations    Supported elliptic curves ;0
Comparison_of_Toyota_hybrids;66
Comparison_of_Tryton_and_Open_ERP   Business model;100
Comparison_of_Tryton_and_Open_ERP   Functionality;73
Comparison_of_Tryton_and_Open_ERP   Concepts and approach;100
Comparison_of_Tryton_and_Open_ERP   More;100
Comparison_of_U S _state_governments   Legislative;98
Comparison_of_U S _state_governments    Supermajority requirements ;100
Comparison_of_U S _state_governments   Executive;100
Comparison_of_U S _state_governments   Judicial;100
Comparison_of_Unicode_encodings   Eight bit environments;0
Comparison_of_Unicode_encodings   Seven bit environments;16
Comparison_of_Unicode_encodings    Bit environments ;0
Comparison_of_United_Kingdom_and_United_States_military_ranks    UK and US officer ranks compared ;53
Comparison_of_United_Kingdom_and_United_States_military_ranks   US  Enlisted  and UK  Other  ranks compared;0
Comparison_of_United_States_presidential_candidates _2008    Candidates ;100
Comparison_of_United_States_presidential_candidates _2008    Biographical data ;100
Comparison_of_United_States_presidential_candidates _2008   Transportation;100
Comparison_of_United_States_presidential_candidates _2008   Labor;100
Comparison_of_United_States_presidential_candidates _2008   Monetary policy;100
Comparison_of_United_States_presidential_candidates _2008   NASA and space exploration;100
Comparison_of_United_States_presidential_candidates _2008   Arab Israeli conflict;100
Comparison_of_United_States_presidential_candidates _2008   Iraq;100
Comparison_of_United_States_presidential_candidates _2008   Iran;100
Comparison_of_United_States_presidential_candidates _2008   Darfur;100
Comparison_of_United_States_presidential_candidates _2008   Nuclear weapons;100
Comparison_of_United_States_presidential_candidates _2008   North Korea;100
Comparison_of_United_States_presidential_candidates _2008   Tax policy;100
Comparison_of_United_States_presidential_candidates _2008   Pakistan;100
Comparison_of_United_States_presidential_candidates _2008   Extrajudicial prisoners;100
Comparison_of_United_States_presidential_candidates _2008   Armenian genocide;100
Comparison_of_United_States_presidential_candidates _2008   China;100
Comparison_of_United_States_presidential_candidates _2008   Foreign aid;100
Comparison_of_United_States_presidential_candidates _2008   Georgia;100
Comparison_of_United_States_presidential_candidates _2008   United Nations;100
Comparison_of_United_States_presidential_candidates _2008   The environment;100
Comparison_of_United_States_presidential_candidates _2008   Energy;100
Comparison_of_United_States_presidential_candidates _2008   Judiciary;100
Comparison_of_United_States_presidential_candidates _2008   Financial crisis and bailout;100
Comparison_of_United_States_presidential_candidates _2008   Same sex marriage;100
Comparison_of_United_States_presidential_candidates _2008   Abortion;100
Comparison_of_United_States_presidential_candidates _2008   Gun control;100
Comparison_of_United_States_presidential_candidates _2008    Death penalty ;100
Comparison_of_United_States_presidential_candidates _2008   Immigration;100
Comparison_of_United_States_presidential_candidates _2008   Racial justice;100
Comparison_of_United_States_presidential_candidates _2008   Federal funding for embryonic stem cell research;100
Comparison_of_United_States_presidential_candidates _2008   Education;100
Comparison_of_United_States_presidential_candidates _2008   Patriot Act;100
Comparison_of_United_States_presidential_candidates _2008   Trade;100
Comparison_of_United_States_presidential_candidates _2008   Health care;100
Comparison_of_United_States_presidential_candidates _2008   Taxation and budget deficit;100
Comparison_of_United_States_presidential_candidates _2008   Social Security;100
Comparison_of_United_States_presidential_candidates _2008   Network neutrality;100
Comparison_of_United_States_presidential_candidates _2008   Lobbying;100
Comparison_of_UPnP_AV_media_servers;100
Comparison_of_Usenet_newsreaders;100
Comparison_of_US_and_Chinese_Military_Armed_Forces   Table comparison between the US and Chinese Military as for 2011;100
Comparison_of_Vector_Formats_(GIS)   General information;100
Comparison_of_Vector_Formats_(GIS)   Feature Types;100
Comparison_of_VMware_Fusion_and_Parallels_Desktop   Features;63
Comparison_of_VMware_Fusion_and_Parallels_Desktop   Minimum system requirements;100
Comparison_of_VMware_Fusion_and_Parallels_Desktop   2009 Benchmark tests;0
Comparison_of_VMware_Fusion_and_Parallels_Desktop   2009 Benchmark tests;100
Comparison_of_VoIP_software    General softphone clients ;87
Comparison_of_VoIP_software    Mobile phones ;80
Comparison_of_VoIP_software    Frameworks and libraries ;75
Comparison_of_VoIP_software    Server software ;95
Comparison_of_WebSocket_implementations;87
Comparison_of_web_server_software   Overview;50
Comparison_of_web_server_software   Features;96
Comparison_of_web_server_software   Operating system support;96
Comparison_of_Windows_Vista_and_Windows_XP   Security;100
Comparison_of_World_War_I_tanks   Tanks used in World War I;100
Comparison_of_World_War_I_tanks   Immediate post war tanks;60
Comparison_of_XML_editors;82
Comparison_of_XMPP_server_software    Comparison by RFC implementation status ;100
Comparison_of_XMPP_server_software    Comparison by XEP implementation status ;100
Comparison_of_X_window_managers;97
Comparison_of_X_Window_System_desktop_environments    Overview ;71
Comparison_of_X_Window_System_desktop_environments    Default programs packaged ;100
Comparison_of_YouTube_downloaders    Features ;64
Comparison_of_YouTube_downloaders    Inbuilt conversion to formats and devices ;90
Comparison_of_YouTube_downloaders    Supported operating systems ;100
Comparison_of_Nikon_DSLR_cameras;100
List_of_AMD_graphics_processing_units    Wonder Series ;66
List_of_AMD_graphics_processing_units    Mach Series ;100
List_of_AMD_graphics_processing_units    AGP (X7xx  X8xx) ;100
List_of_AMD_graphics_processing_units    PCI E (X7xx  X8xx) ;100
List_of_AMD_graphics_processing_units    IGP (X12xx  21xx) ;100
List_of_AMD_graphics_processing_units    Radeon R500 (X1xxx) Series ;80
List_of_AMD_graphics_processing_units    Radeon HD 2xxx ;100
List_of_AMD_graphics_processing_units    Radeon HD 3xxx ;100
List_of_AMD_graphics_processing_units    IGP (HD 3xxx) ;100
List_of_AMD_graphics_processing_units    All In Wonder Series ;0
List_of_AMD_graphics_processing_units    Radeon R700 (HD 4xxx) Series ;100
List_of_AMD_graphics_processing_units    IGP (HD 4xxx) ;100
List_of_AMD_graphics_processing_units    Rage Series ;100
List_of_AMD_graphics_processing_units    Evergreen (HD 5xxx) Series ;91
List_of_AMD_graphics_processing_units      anchor Northern Islands (HD 6xxx) Series  Radeon HD 6xxx Series ;100
List_of_AMD_graphics_processing_units    IGP (HD 6xxx) ;100
List_of_AMD_graphics_processing_units      anchor Southern Islands (HD 7xxx) Series  Radeon HD 7xxx Series ;30
List_of_AMD_graphics_processing_units    IGP (HD 7xxx) ;100
List_of_AMD_graphics_processing_units      anchor Sea Islands (HD 8xxx) Series  Radeon HD 8xxx Series ;93
List_of_AMD_graphics_processing_units      anchor Volcanic Islands (Rx 2xx) Series  Radeon Rx 2xx Series ;100
List_of_AMD_graphics_processing_units      anchor Rx 3xx Series  Radeon Rx 3xx Series ;88
List_of_AMD_graphics_processing_units      anchor Pirate Islands (Rx 4xx) Series  Radeon Rx 4xx Series ;100
List_of_AMD_graphics_processing_units    Rage Mobility Series ;87
List_of_AMD_graphics_processing_units    Radeon R100 (7xxx) Series ;100
List_of_AMD_graphics_processing_units    Mobility Radeon Series ;100
List_of_AMD_graphics_processing_units    Mobility Radeon X300  X600  X700  X800 Series ;100
List_of_AMD_graphics_processing_units    Mobility Radeon X1xxx Series ;100
List_of_AMD_graphics_processing_units    Mobility Radeon HD 2xxx Series ;100
List_of_AMD_graphics_processing_units    Mobility Radeon HD 3xxx Series ;100
List_of_AMD_graphics_processing_units    Mobility Radeon HD 4xxx Series ;100
List_of_AMD_graphics_processing_units    Mobility Radeon HD 5xxx Series ;100
List_of_AMD_graphics_processing_units    Radeon HD 6xxxM Series ;100
List_of_AMD_graphics_processing_units    IGP (HD 6xxx) ;100
List_of_AMD_graphics_processing_units    IGP (HD 6xxxG) ;100
List_of_AMD_graphics_processing_units    IGP (3xx Series) ;100
List_of_AMD_graphics_processing_units    Radeon HD 7xxxM Series ;61
List_of_AMD_graphics_processing_units    Radeon HD 8xxxM Series ;75
List_of_AMD_graphics_processing_units    Radeon Rx M2xx Series ;100
List_of_AMD_graphics_processing_units    Radeon Rx M3xx Series ;100
List_of_AMD_graphics_processing_units    FireGL Series ;72
List_of_AMD_graphics_processing_units    FirePro 3D Series ;100
List_of_AMD_graphics_processing_units    FirePro Series ;100
List_of_AMD_graphics_processing_units    FirePro Workstation Series (Wx000) ;100
List_of_AMD_graphics_processing_units    FirePro Workstation Series (Wx100) ;100
List_of_AMD_graphics_processing_units    FirePro Server Series ;100
List_of_AMD_graphics_processing_units    Radeon R200 (8xxx  9xxx) Series ;100
List_of_AMD_graphics_processing_units    Radeon Sky Series ;100
List_of_AMD_graphics_processing_units    FireMV (Multi View) Series ;100
List_of_AMD_graphics_processing_units    FirePro (Multi View) Series ;50
List_of_AMD_graphics_processing_units    FireStream Series ;100
List_of_AMD_graphics_processing_units    FirePro Remote Series ;100
List_of_AMD_graphics_processing_units    Mobility FireGL Series ;100
List_of_AMD_graphics_processing_units    FirePro (Mxxxx) Series ;100
List_of_AMD_graphics_processing_units    Console graphics processors ;37
List_of_AMD_graphics_processing_units    IGP (9xxx Series) ;100
List_of_AMD_graphics_processing_units    AGP (9xxx Series) ;100
List_of_AMD_graphics_processing_units    PCI E (X3xx  X5xx  X6xx  X1xxx Series) ;100
List_of_AMD_graphics_processing_units    IGP (X2xx  11xx Series) ;100
List_of_BPEL_engines;93
List_of_FTP_server_software    Graphical ;100
List_of_FTP_server_software    Console terminal based ;71
List_of_FTP_server_software    Libraries ;100
List_of_FTP_server_software    Summary board ;80
List_of_Intel_graphics_processing_units    First generation ;100
List_of_Intel_graphics_processing_units    Second generation ;0
List_of_Intel_graphics_processing_units    Third generation ;73
List_of_Intel_graphics_processing_units    Fourth generation ;100
List_of_Intel_graphics_processing_units    Fifth generation ;0
List_of_Intel_graphics_processing_units    Sixth generation ;0
List_of_Intel_graphics_processing_units    Seventh generation ;7
List_of_Intel_graphics_processing_units    Eighth generation ;6
List_of_Intel_graphics_processing_units    PowerVR based ;66
List_of_Intel_graphics_processing_units    Notes ;0
List_of_Nvidia_graphics_processing_units   Pre GeForce;90
List_of_Nvidia_graphics_processing_units   GeForce256 Series;100
List_of_Nvidia_graphics_processing_units   Features;90
List_of_Nvidia_graphics_processing_units   GeForce 8 (8xxx) Series;100
List_of_Nvidia_graphics_processing_units   Features;76
List_of_Nvidia_graphics_processing_units   GeForce 9 (9xxx) Series;88
List_of_Nvidia_graphics_processing_units   Features;0
List_of_Nvidia_graphics_processing_units   GeForce 100 Series;100
List_of_Nvidia_graphics_processing_units   GeForce 200 Series;17
List_of_Nvidia_graphics_processing_units   Features;90
List_of_Nvidia_graphics_processing_units   GeForce 300 Series;100
List_of_Nvidia_graphics_processing_units   GeForce 400 Series;100
List_of_Nvidia_graphics_processing_units   GeForce2 Series;87
List_of_Nvidia_graphics_processing_units   GeForce 500 Series;100
List_of_Nvidia_graphics_processing_units   GeForce 600 Series;100
List_of_Nvidia_graphics_processing_units   GeForce 700 Series;70
List_of_Nvidia_graphics_processing_units   GeForce 900 Series;100
List_of_Nvidia_graphics_processing_units   GeForce2 Go Series;100
List_of_Nvidia_graphics_processing_units   GeForce4 Go Series;100
List_of_Nvidia_graphics_processing_units   GeForce FX Go 5 (Go 5xxx) Series;100
List_of_Nvidia_graphics_processing_units   GeForce Go 6 (Go 6xxx) Series;71
List_of_Nvidia_graphics_processing_units   GeForce Go 7 (Go 7xxx) Series;100
List_of_Nvidia_graphics_processing_units   GeForce 8M (8xxxM) Series;100
List_of_Nvidia_graphics_processing_units   GeForce3 Series;100
List_of_Nvidia_graphics_processing_units   GeForce 9M (9xxxM) Series;100
List_of_Nvidia_graphics_processing_units   GeForce 100M (1xxM) Series;100
List_of_Nvidia_graphics_processing_units   GeForce 200M (2xxM) Series;100
List_of_Nvidia_graphics_processing_units   GeForce 300M (3xxM) Series;100
List_of_Nvidia_graphics_processing_units   GeForce 400M (4xxM) Series;100
List_of_Nvidia_graphics_processing_units   GeForce 500M (5xxM) Series;0
List_of_Nvidia_graphics_processing_units   GeForce 600M (6xxM) Series;100
List_of_Nvidia_graphics_processing_units   GeForce 700M (7xxM) Series;0
List_of_Nvidia_graphics_processing_units   GeForce 800M (8xxM) Series;0
List_of_Nvidia_graphics_processing_units   GeForce 900M (9xxM) Series;100
List_of_Nvidia_graphics_processing_units   GeForce4 Series;92
List_of_Nvidia_graphics_processing_units   Quadro;100
List_of_Nvidia_graphics_processing_units   Quadro FX Series;100
List_of_Nvidia_graphics_processing_units   Quadro FX (x300) Series;100
List_of_Nvidia_graphics_processing_units   Quadro FX (x400) Series;100
List_of_Nvidia_graphics_processing_units   Quadro FX (x500) Series;100
List_of_Nvidia_graphics_processing_units   Quadro FX (x600) Series;100
List_of_Nvidia_graphics_processing_units   Quadro FX (x700) Series;100
List_of_Nvidia_graphics_processing_units   Quadro FX (x800) Series;100
List_of_Nvidia_graphics_processing_units   Quadro x000 Series;100
List_of_Nvidia_graphics_processing_units   Quadro Kxxx Series;100
List_of_Nvidia_graphics_processing_units   GeForce4 Series;100
List_of_Nvidia_graphics_processing_units   Quadro Kxxx Series;100
List_of_Nvidia_graphics_processing_units   Quadro Mxxx Series;100
List_of_Nvidia_graphics_processing_units   Quadro NVS;100
List_of_Nvidia_graphics_processing_units   Tesla;95
List_of_Nvidia_graphics_processing_units   Quadro FX (xxxM) Series;100
List_of_Nvidia_graphics_processing_units   Quadro FX (x500M) Series;100
List_of_Nvidia_graphics_processing_units   Quadro FX (x600M) Series;100
List_of_Nvidia_graphics_processing_units   Quadro FX (x700M) Series;100
List_of_Nvidia_graphics_processing_units   Quadro FX (x800M) Series;100
List_of_Nvidia_graphics_processing_units   Quadro (xxxxM) Series;100
List_of_Nvidia_graphics_processing_units   GeForce FX (5xxx) Series;95
List_of_Nvidia_graphics_processing_units   Quadro (Kx000M) Series;100
List_of_Nvidia_graphics_processing_units   Quadro (Kx100M) Series;100
List_of_Nvidia_graphics_processing_units   Mobility Quadro NVS Series;100
List_of_Nvidia_graphics_processing_units   Mobility NVS Series;100
List_of_Nvidia_graphics_processing_units   Comparison table  Grid GPUs;100
List_of_Nvidia_graphics_processing_units   Comparison table  Console GPUs;100
List_of_Nvidia_graphics_processing_units   GeForce 6 (6xxx) Series;80
List_of_Nvidia_graphics_processing_units   Features;100
List_of_Nvidia_graphics_processing_units   GeForce 7 (7xxx) Series;76
