PCM,NbMaticesSimilaires
Comparison_of_data_serialization_formats   Comparison of binary formats,0
Comparison_of_Afrikaans_and_Dutch   Comparison of sample text,0
Comparison_of_cricket_and_baseball   Comparison Table,0
Comparison_of_alcopops    Scotch whisky based ,0
Comparison_of_ATI_chipsets   Comparison of Northbridges,0
Comparison_of_audio_formats    General information ,0
Comparison_of_C_Sharp_and_Java    Object orientation programming ,0
Comparison_of_digital_audio_editors   General,0
Comparison_of_assemblers   Other architectures,0
Comparison_of_crowd_funding_services    Money for goods ,0
Comparison_of_Chinese_romanization_systems,0
Comparison_between_Esperanto_and_Novial   Active voice,2
Comparison_of_antivirus_software   ,0
Comparison_of_domestic_robots,0
Comparison_between_Esperanto_and_Interlingua    Sample text  the  ,0
Comparison_of_continuous_integration_software    SCM system support ,0
Comparison_of_desktop_application_launchers    Cross platform ,2
Comparison_of_code_generation_tools,0
Comparison_of_brainwave_entrainment_software   General,0
Comparison_of_dosimeters,0
Comparison_of_audio_player_software   Protocol abilities,0
Comparison_of_C_Sharp_and_Java    Expressions and operators ,0
Comparison_of_assemblers   6502 assemblers,0
Comparison_of_download_managers    Protocol support ,0
Comparison_of_debuggers,0
Comparison_of_audio_player_software   Metadata ability,0
Comparison_of_CAD _CAM_and_CAE_file_viewers    Comparison of CAD CAM CAE file viewers ,0
Comparison_of_container_formats   Audio formats supported,0
Comparison_of_continuous_integration_software    Comparison ,0
Comparison_of_DOS_operating_systems    Technical specifications ,0
Comparison_of_archive_formats   Comparison,0
Comparison_of_display_technology    General characteristics ,0
Comparison_of_C_Sharp_and_Java    Methods ,0
Comparison_of_ADC_software    Interface and programming ,0
Comparison_of_audio_synthesis_environments   Data interface methods,0
Comparison_of_agent based_modeling_software    Comparison of ABM Software ,0
Comparison_between_Ido_and_Interlingua   Sample text,0
Comparison_of_audio_player_software   Container format ability,0
Comparison_of_command_shells   Programming features,0
Comparison_of_assemblers   Power Architecture assemblers,0
Comparison_of_crowd_funding_services    Post creation services ,0
Comparison_of_C_Sharp_and_Java    Platform support ,0
Comparison_of_C_Sharp_and_Java    Fields and initialization ,0
Comparison_of_documentation_generators    General information ,0
Comparison_of_document_markup_languages   Characteristics,0
Comparison_of_database_tools   General,0
Comparison_of_browser_synchronizers   Syncable Items,0
Comparison_of_crowd_funding_services    Continuous funding ,0
Comparison_of_container_formats   Video formats supported,0
Comparison_of_BitTorrent_clients    Operating system support ,0
Comparison_of_cluster_software    General information ,0
Comparison_of_Dewey_and_Library_of_Congress_subject_classification   Chart,0
Comparison_of_database_access    Reading from tables ,0
Comparison_of_audio_player_software   Audio format ability,0
Comparison_of_baseball_and_softball   Table of comparison,0
Comparison_of_C_Sharp_and_Java    Functional programming ,0
Comparison_of_feed_aggregators   Operating system support,0
Comparison_of_cryptographic_hash_functions    Compression function ,0
Comparison_of_Android_e book_reader_software    File formats supported ,0
Comparison_of_CalDAV_and_CardDAV_implementations   Client implementations,0
Comparison_of_AMD_chipsets    A Link Express ,0
Comparison_of_disk_encryption_software   Layering,0
Comparison_of_Android_e book_reader_software    Edit tool features ,0
Comparison_of_database_access    Using a table ,0
Comparison_of_feed_aggregators   Release history,0
Comparison_of_browser_synchronizers   Syncable Browsers,0
Comparison_between_U S _states_and_countries_by_GDP_(nominal)   State and country data,0
Comparison_between_U S _states_and_countries_by_GDP_(PPP)   2013 Full List ,0
Comparison_of_C_Sharp_and_Java    Input output ,3
Comparison_of_Business_Process_Modeling_Notation_tools    General ,0
Comparison_of_DNS_server_software    Platforms ,0
Comparison_of_Adobe_Flex_charts   Flex Chart products,0
Comparison_of_audio_player_software   Extended features,0
Comparison_of_documentation_generators    Operating system support ,0
Comparison_of_Adobe_Flex_charts   Flex Chart features,0
Comparison_of_distributed_file_systems   Locally managed,0
Comparison_of_Asian_national_space_programs    Orbital Launch Frequency ,0
Comparison_of_disc_authoring_software    Standards support ,0
Comparison_between_Esperanto_and_Novial   Alphabet and pronunciation,0
Comparison_of_Asian_national_space_programs    Comparison of key technologies ,0
Comparison_between_Ido_and_Novial   Personal pronouns,1
Comparison_of_crowd_funding_services    Money for business ventures ,0
Comparison_of_AMD_chipsets    A Link Express II ,0
Comparison_of_boot_loaders    Technical information ,0
Comparison_of_desktop_publishing_software   Overview,0
Comparison_between_Esperanto_and_Novial   Passive voice of becoming,2
Comparison_of_command_shells   Inter process communication,0
Comparison_of_code_generation_tools    Technical ,0
Comparison_between_U S _states_and_countries_by_GDP_(nominal)_per_capita   2009,0
Comparison_of_data_serialization_formats   Overview,0
Comparison_of_BitTorrent_clients    Features I ,0
Comparison_of_desktop_application_launchers    Linux ,1
Comparison_of_American_and_British_English   Road transport,0
Comparison_of_accounting_software    Proprietary software ,0
Comparison_of_accounting_software    Further details ,0
Comparison_of_C_Sharp_and_Java   Statements,0
Comparison_of_ADC_software    General ,0
Comparison_of_cluster_software    Technical information ,0
Comparison_of_C_Sharp_and_Visual_Basic_ NET   Primitive types,3
Comparison_of_chess_video_games   Gameplay,0
Comparison_of_defragmentation_software,0
Comparison_of_3D_computer_graphics_software   Operating system support,0
Comparison_of_digital_SLRs,0
Comparison_of_disc_authoring_software    User interface ,0
Comparison_of_data_modeling_tools    Features ,0
Comparison_of_CalDAV_and_CardDAV_implementations   Server implementations,0
Comparison_of_crowd_funding_services    Donation based ,0
Comparison_of_document_markup_languages   General information,0
Comparison_of_brainwave_entrainment_software   Stimuli Methods,0
Comparison_of_container_formats   Caption (Subtitle) formats supported,0
Comparison_of_anaerobic_and_aerobic_digestion,0
Comparison_of_chess_video_games   General information,0
Comparison_of_download_managers    Features ,0
Comparison_of_BitTorrent_clients    Libraries ,0
Comparison_of_C_Sharp_and_Visual_Basic_ NET   Loops,3
Comparison_of_database_tools   Features   visual design and reverse engineering,0
Comparison_of_BitTorrent_clients    Vulnerabilities ,0
Comparison_of_document_interfaces,0
Comparison_of_C_Sharp_and_Java    Exceptions ,0
Comparison_of_Android_e book_reader_software    Navigation features ,0
Comparison_of_C_Sharp_and_Java    Threading and asynchronous features ,0
Comparison_of_disc_authoring_software   General information,0
Comparison_of_3D_computer_graphics_software    General information ,0
Comparison_of_business_integration_software   Operating system support,0
Comparison_of_audio_synthesis_environments   General,0
Comparison_of_distributed_file_systems   Remote access,0
Comparison_of_C_Sharp_and_Java    C  delegates and equivalent Java constructs ,8
Comparison_of_alcopops    Rum based ,0
Comparison_of_CRT _LCD _Plasma _and_OLED,0
Comparison_of_documentation_generators    Output formats ,0
Comparison_of_Android_e book_reader_software    Book source management features ,0
Comparison_of_disc_authoring_software    Disk image format support ,0
Comparison_of_cryptographic_hash_functions    General information ,0
Comparison_of_audio_player_software   Scalable  composite and emulation format abilities,0
Comparison_of_ADO_and_ADO NET,0
Comparison_of_BSD_operating_systems   Security features,0
Comparison_of_C_Sharp_and_Java    Reference (in out) parameters ,3
Comparison_of_3D_computer_graphics_software   Features,0
Comparison_of_download_managers    General information ,0
Comparison_of_browser_synchronizers   General,0
Comparison_of_desktop_application_launchers    Mac OS X ,1
Comparison_of_disc_authoring_software    Operating system support ,0
Comparison_of_development_estimation_software,0
Comparison_of_audio_synthesis_environments   Technical,0
Comparison_of_802 15 4_radio_modules    Transceiver only modules ,0
Comparison_of_application_virtualization_software   List of application virtual machine implementations,0
Comparison_of_assemblers   x86 assemblers,0
Comparison_of_C_Sharp_and_Java    Enumerations ,0
Comparison_of_C_Sharp_and_Java    Integration of library defined types ,8
Comparison_of_C_Sharp_and_Java    Reference types ,0
Comparison_between_Ido_and_Interlingua    Orthography ,0
Comparison_of_ADC_software    Features ,0
Comparison_of_Exchange_ActiveSync_clients,0
Comparison_of_alcopops    Vodka based ,0
Comparison_of_American_and_British_English   Equivalent idioms,0
Comparison_of_audio_formats    Technical details ,0
Comparison_of_audio_formats    Multimedia frameworks support ,0
Comparison_of_AMD_chipsets    AMD xxx ,0
Comparison_of_browser_synchronizers   Operating system support,0
Comparison_of_European_traffic_laws    General ,0
Comparison_between_U S _states_and_countries_by_GDP_(PPP),0
Comparison_of_audio_formats    Operating system support ,0
Comparison_of_database_tools   Features (continued),0
Comparison_of_dance_video_games   General information,0
Comparison_of_assemblers   680x0 assemblers,0
Comparison_of_802 15 4_radio_modules    Integrated MCU and transceiver modules ,0
Comparison_of_ADC_software    Operating system support ,0
Comparison_of_audio_player_software   Playlist format ability,0
Comparison_of_disc_authoring_software    Filesystem support ,0
Comparison_of_birth_control_methods   Effectiveness,0
Comparison_of_database_tools   Features,0
Comparison_of_brainwave_entrainment_software   Features,0
Comparison_of_accounting_software    Free and open source software ,0
Comparison_of_C_Sharp_and_Java    Keywords and backward compatibility ,0
Comparison_of_AMD_chipsets    A Link Express III ,0
Comparison_between_Ido_and_Novial   Language sample for comparison,0
Comparison_of_cognitive_architectures,0
Comparison_of_data_modeling_tools    General ,0
Comparison_of_ATI_chipsets   Comparison of Southbridges,0
Comparison_of_command_shells   Interactive features,0
Comparison_of_ad_servers    Targeting ,0
Comparison_of_dental_practice_management_software,0
Comparison_of_DEX_software,0
Comparison_of_Canon_EOS_digital_cameras   General information,0
Comparison_of_database_access    Using data in a table ,0
Comparison_of_disk_encryption_software   Modes of operation,0
Comparison_of_Axis_ _Allies_games    Units ,0
Comparison_of_application_servers    Java ,0
Comparison_of_BitTorrent_sites   Site comparison,0
Comparison_of_BitTorrent_tracker_software,0
Comparison_of_command_shells   String processing and filename matching,0
Comparison_of_C_Sharp_and_Java   Metadata,0
Comparison_of_application_virtualization_software   Comparison of virtual machines,0
Comparison_of_BSD_operating_systems   Technical information,0
Comparison_of_CRM_systems    General ,0
Comparison_of_C_Sharp_and_Java   Interoperability with dynamic languages,3
Comparison_of_audio_player_software   Features,0
Comparison_of_desktop_publishing_software   Output format,1
Comparison_of_assemblers   ARM assemblers,0
Comparison_of_DNS_blacklists,0
Comparison_of_ad_servers    General information ,0
Comparison_of_AMD_chipsets      anchor FCH   Fusion controller hubs (FCH) ,0
Comparison_of_digital_audio_editors   File format support,0
Comparison_of_DOS_operating_systems    Historical and licensing information ,0
Comparison_of_American_and_British_English   School,0
Comparison_of_Afrikaans_and_Dutch   Comparisons of various words and phrases in Dutch and Afrikaans,0
Comparison_of_C_Sharp_and_Java    Type lifting ,8
Comparison_of_business_integration_software   Database support,0
Comparison_of_Colorado_ski_resorts,0
Comparison_of_C_Sharp_and_Java    Native interoperability ,0
Comparison_between_Ido_and_Novial   Alphabets and pronunciation,0
Comparison_of_database_access    Altering tables ,0
Comparison_of_ad_servers    General features ,0
Comparison_of_command_shells   Security features,0
Comparison_of_DNS_server_software    Packaging ,0
Comparison_of_alcopops    Other ,0
Comparison_of_consumer_brain computer_interfaces   Comparison,0
Comparison_of_cryptographic_hash_functions    Parameters ,0
Comparison_of_color_models_in_computer_graphics   RGB,0
Comparison_of_C_Sharp_and_Java    Generics ,0
Comparison_of_ALGOL_68_and_C     Comparison of the assignment and equality operators,0
Comparison_of_C_Sharp_and_Java    Preprocessing  compilation and packaging ,0
Comparison_of_BitTorrent_clients    Interface and programming ,0
Comparison_of_disc_image_software,0
Comparison_of_database_access    Database and table management ,0
Comparison_of_audio_player_software   Optical media ability,0
Comparison_of_boot_loaders   Features,0
Comparison_of_European_road_signs   Checkpoints,0
Comparison_of_AMD_processors,0
Comparison_of_desktop_publishing_software   Operating system,0
Comparison_of_alcopops    Bourbon whiskey based ,0
Comparison_of_facial_image_datasets,0
Comparison_between_Esperanto_and_Novial   Language sample for comparison,0
Comparison_of_DNS_server_software    Feature matrix ,0
Comparison_of_color_models_in_computer_graphics   HSL,0
Comparison_of_C_Sharp_and_Java    Type erasure versus reified generics ,3
Comparison_of_feed_aggregators   Web feed and protocol support,0
Comparison_of_BitTorrent_clients    Features II ,0
Comparison_of_CRM_systems    Features ,0
Comparison_of_C_Sharp_and_Java    Constant immutable parameters ,0
Comparison_of_audio_synthesis_environments   Programming language features,0
Comparison_of_command_shells   General characteristics,0
Comparison_of_401(k)_and_IRA_accounts   Comparison,0
Comparison_of_C_Sharp_and_Visual_Basic_ NET   Conditionals,3
Comparison_of_California_ski_resorts,0
Comparison_of_assemblers   IBM mainframe assemblers,0
Comparison_of_BitTorrent_clients    General ,0
Comparison_between_Esperanto_and_Novial   Personal pronouns,0
Comparison_of_desktop_publishing_software   Input format,1
Comparison_of_antivirus_software     ,0
Comparison_of_alcopops    Beer based ,0
Comparison_of_feed_aggregators   Interface and notes,0
Comparison_of_digital_audio_editors   Plugin support,0
Comparison_of_Asian_national_space_programs   Timeline of national firsts,0
Comparison_of_disk_cloning_software   Table,0
Comparison_of_C_Sharp_and_Java    Fibonacci sequence ,3
Comparison_of_documentation_generators    Other features ,1
Comparison_of_disk_encryption_software   Operating systems,0
Comparison_of_documentation_generators    Language support ,0
Comparison_of_desktop_application_launchers    Windows ,0
Comparison_of_disk_encryption_software   Features,0
Comparison_of_browser_synchronizers   Features,0
Comparison_of_disc_authoring_software    Optical media support ,0
Comparison_of_audio_player_software   General,0
Comparison_of_audio_player_software   Operating system compatibility,0
Comparison_of_BSD_operating_systems   General information,3
Comparison_of_C_Sharp_and_Visual_Basic_ NET   Object types,3
Comparison_of_database_access    MySQL databases ,0
Comparison_of_C_Sharp_and_Java    Types ,0
Comparison_of_Canadian tax_preparation_software_for_personal_use,0
Comparison_of_Asian_national_space_programs    Other achievements ,0
Comparison_of_disk_encryption_software   Background information,0
Comparison_of_C_Sharp_and_Java    Arrays and collections ,0
Comparison_of_Chernobyl_and_other_radioactivity_releases   Chernobyl compared with an atomic bomb,0
Comparison_of_business_integration_software   General information,0
Comparison_of_executable_file_formats,0
Comparison_of_Android_e book_reader_software    Display features ,0
Comparison_of_container_formats   Information,0
Comparison_of_European_road_signs   Border Crossings,0
Comparison_of_behavioral_experiment_software,0
Comparison_of_data_serialization_formats   Syntax comparison of human readable formats,0
Comparison_of_C_Sharp_and_Visual_Basic_ NET   Comments,1
Comparison_of_documentation_generators    Input formats ,0
Comparison_between_Esperanto_and_Novial   Passive voice of being,2